projectName,SHA,fileName,RefactoringType,files After
MusicBot,2e9dd5df499f4c794f29d6f685af8fbb84ba1c0e,"src/main/java/com/jagrosh/jmusicbot/queue/FairQueue.java",EXTRACT_SUPERCLASS,"src/main/java/com/jagrosh/jmusicbot/queue/FairQueue.java; src/main/java/com/jagrosh/jmusicbot/queue/AbstractQueue.java"
MusicBot,aaec886b8154ff1bae938a79e3c1d7f9c06c4050,"src/main/java/com/jagrosh/jmusicbot/commands/RepeatCmd.java",SPLIT_CLASS,"src/main/java/com/jagrosh/jmusicbot/Listener.java; src/main/java/com/jagrosh/jmusicbot/audio/PlayerManager.java"
MusicBot,aaec886b8154ff1bae938a79e3c1d7f9c06c4050,"src/main/java/com/jagrosh/jmusicbot/commands/SetdjCmd.java; src/main/java/com/jagrosh/jmusicbot/commands/SettcCmd.java; src/main/java/com/jagrosh/jmusicbot/commands/SetvcCmd.java",EXTRACT_SUPERCLASS,"src/main/java/com/jagrosh/jmusicbot/commands/admin/SetdjCmd.java; src/main/java/com/jagrosh/jmusicbot/commands/admin/SettcCmd.java; src/main/java/com/jagrosh/jmusicbot/commands/admin/SetvcCmd.java; src/main/java/com/jagrosh/jmusicbot/commands/AdminCommand.java"
MusicBot,aaec886b8154ff1bae938a79e3c1d7f9c06c4050,"src/main/java/com/jagrosh/jmusicbot/commands/SetavatarCmd.java; src/main/java/com/jagrosh/jmusicbot/commands/ForceskipCmd.java; src/main/java/com/jagrosh/jmusicbot/commands/PauseCmd.java; src/main/java/com/jagrosh/jmusicbot/commands/SkiptoCmd.java; src/main/java/com/jagrosh/jmusicbot/commands/StopCmd.java; src/main/java/com/jagrosh/jmusicbot/commands/VolumeCmd.java",EXTRACT_SUPERCLASS,"src/main/java/com/jagrosh/jmusicbot/commands/dj/RepeatCmd.java; src/main/java/com/jagrosh/jmusicbot/commands/dj/ForceskipCmd.java; src/main/java/com/jagrosh/jmusicbot/commands/dj/PauseCmd.java; src/main/java/com/jagrosh/jmusicbot/commands/dj/SkiptoCmd.java; src/main/java/com/jagrosh/jmusicbot/commands/dj/StopCmd.java; src/main/java/com/jagrosh/jmusicbot/commands/dj/VolumeCmd.java; src/main/java/com/jagrosh/jmusicbot/commands/DJCommand.java"
MusicBot,aaec886b8154ff1bae938a79e3c1d7f9c06c4050,"src/main/java/com/jagrosh/jmusicbot/commands/PlaylistCmd.java; src/main/java/com/jagrosh/jmusicbot/commands/PlaylistCmd.java; src/main/java/com/jagrosh/jmusicbot/commands/PlaylistCmd.java; src/main/java/com/jagrosh/jmusicbot/commands/PlaylistCmd.java; src/main/java/com/jagrosh/jmusicbot/commands/SetgameCmd.java; src/main/java/com/jagrosh/jmusicbot/commands/SetgameCmd.java; src/main/java/com/jagrosh/jmusicbot/commands/SetgameCmd.java; src/main/java/com/jagrosh/jmusicbot/commands/SetgameCmd.java; src/main/java/com/jagrosh/jmusicbot/commands/SetstatusCmd.java; src/main/java/com/jagrosh/jmusicbot/commands/AutoplaylistCmd.java; src/main/java/com/jagrosh/jmusicbot/commands/EvalCmd.java; src/main/java/com/jagrosh/jmusicbot/commands/PlaylistCmd.java; src/main/java/com/jagrosh/jmusicbot/commands/PlaylistCmd.java; src/main/java/com/jagrosh/jmusicbot/commands/SetnameCmd.java; src/main/java/com/jagrosh/jmusicbot/commands/ShutdownCmd.java",EXTRACT_SUPERCLASS,"src/main/java/com/jagrosh/jmusicbot/commands/owner/PlaylistCmd.java; src/main/java/com/jagrosh/jmusicbot/commands/owner/PlaylistCmd.java; src/main/java/com/jagrosh/jmusicbot/commands/owner/PlaylistCmd.java; src/main/java/com/jagrosh/jmusicbot/commands/owner/PlaylistCmd.java; src/main/java/com/jagrosh/jmusicbot/commands/owner/SetgameCmd.java; src/main/java/com/jagrosh/jmusicbot/commands/owner/SetgameCmd.java; src/main/java/com/jagrosh/jmusicbot/commands/owner/SetgameCmd.java; src/main/java/com/jagrosh/jmusicbot/commands/owner/SetgameCmd.java; src/main/java/com/jagrosh/jmusicbot/commands/owner/SetstatusCmd.java; src/main/java/com/jagrosh/jmusicbot/commands/owner/AutoplaylistCmd.java; src/main/java/com/jagrosh/jmusicbot/commands/owner/EvalCmd.java; src/main/java/com/jagrosh/jmusicbot/commands/owner/PlaylistCmd.java; src/main/java/com/jagrosh/jmusicbot/commands/owner/SetavatarCmd.java; src/main/java/com/jagrosh/jmusicbot/commands/owner/SetnameCmd.java; src/main/java/com/jagrosh/jmusicbot/commands/owner/ShutdownCmd.java; src/main/java/com/jagrosh/jmusicbot/commands/OwnerCommand.java"
MusicBot,aaec886b8154ff1bae938a79e3c1d7f9c06c4050,"src/main/java/com/jagrosh/jmusicbot/Bot.java",EXTRACT_CLASS,"src/main/java/com/jagrosh/jmusicbot/Bot.java; src/main/java/com/jagrosh/jmusicbot/audio/NowplayingHandler.java"
MusicBot,aaec886b8154ff1bae938a79e3c1d7f9c06c4050,"src/main/java/com/jagrosh/jmusicbot/Bot.java",EXTRACT_CLASS,"src/main/java/com/jagrosh/jmusicbot/Bot.java; src/main/java/com/jagrosh/jmusicbot/settings/SettingsManager.java"
MusicBot,aaec886b8154ff1bae938a79e3c1d7f9c06c4050,"src/main/java/com/jagrosh/jmusicbot/playlist/Playlist.java",EXTRACT_CLASS,"src/main/java/com/jagrosh/jmusicbot/playlist/PlaylistLoader.java; src/main/java/com/jagrosh/jmusicbot/playlist/PlaylistLoader.java"
MusicBot,aaec886b8154ff1bae938a79e3c1d7f9c06c4050,"src/main/java/com/jagrosh/jmusicbot/Config.java",EXTRACT_CLASS,"src/main/java/com/jagrosh/jmusicbot/BotConfig.java; src/main/java/com/jagrosh/jmusicbot/entities/Prompt.java"
