projectName,SHA,Files Before ref,RefactoringType,files After
johnzon,841ebb3a8627f6ae617eb1deec013f46678969b8,"johnzon-mapper/src/main/java/org/apache/johnzon/mapper/map/LazyConverterMap.java",MOVE_OPERATION,"johnzon-mapper/src/main/java/org/apache/johnzon/mapper/util/DateUtil.java"
johnzon,664cb73f629fd0190902a0f1080c420a509e66b0,"johnzon-core/src/test/java/org/apache/johnzon/core/HugeStringTest.java",MOVE_AND_RENAME_OPERATION,"johnzon-core/src/test/java/org/apache/johnzon/core/JsonStreamParserImplTest.java"
johnzon,e41f969ead5cf6e0105d975e1a7df20f37c109ce,"johnzon-core/src/test/java/org/apache/johnzon/core/HugeStringTest.java",MOVE_AND_RENAME_OPERATION,"johnzon-core/src/test/java/org/apache/johnzon/core/JsonStreamParserImplTest.java"
johnzon,1595f51e3896e6053304ee2b1c4229c21df0a0de,"johnzon-core/src/main/java/org/apache/johnzon/core/JsonStreamParserImpl.java",EXTRACT_OPERATION,"johnzon-core/src/main/java/org/apache/johnzon/core/JsonStreamParserImpl.java"
johnzon,8e2b28157314b2b264be039371be24f1ca372cbb,"johnzon-core/src/main/java/org/apache/johnzon/core/JsonNumberImpl.java",MOVE_OPERATION,"johnzon-core/src/main/java/org/apache/johnzon/core/JsonProviderImpl.java"
johnzon,db7ecfceb3f3e68699bd72f4782996649a1549d8,"johnzon-core/src/main/java/org/apache/johnzon/core/JsonNumberImpl.java",MOVE_OPERATION,"johnzon-core/src/main/java/org/apache/johnzon/core/JsonProviderImpl.java"
johnzon,dc6b20557259755b2448fe600673357770a2869a,"johnzon-jsonb/src/test/java/org/apache/johnzon/jsonb/JsonbTypesTest.java",EXTRACT_OPERATION,"johnzon-jsonb/src/test/java/org/apache/johnzon/jsonb/JsonbTypesTest.java"
johnzon,10444f1f338d430dadbad430b5b029c4ad38fefa,"johnzon-jsonschema/src/main/java/org/apache/johnzon/jsonschema/generator/PojoGenerator.java",EXTRACT_OPERATION,"johnzon-jsonschema/src/main/java/org/apache/johnzon/jsonschema/generator/PojoGenerator.java"
johnzon,4a5fdee3ab68d38f2af0d53a81f21fb960b4167b,"johnzon-jsonschema/src/main/java/org/apache/johnzon/jsonschema/generator/PojoGenerator.java",EXTRACT_OPERATION,"johnzon-jsonschema/src/main/java/org/apache/johnzon/jsonschema/generator/PojoGenerator.java"
johnzon,e6316ce90b60e6c9e5f79b6d6dc390aa718e6512,"johnzon-jsonschema/src/main/java/org/apache/johnzon/jsonschema/generator/PojoGenerator.java",EXTRACT_OPERATION,"johnzon-jsonschema/src/main/java/org/apache/johnzon/jsonschema/generator/PojoGenerator.java"
johnzon,e6316ce90b60e6c9e5f79b6d6dc390aa718e6512,"johnzon-jsonschema/src/main/java/org/apache/johnzon/jsonschema/generator/PojoGenerator.java",EXTRACT_OPERATION,"johnzon-jsonschema/src/main/java/org/apache/johnzon/jsonschema/generator/PojoGenerator.java"
johnzon,befd7f5a4ef9ff34a956862faa3d3dde3f9bf73e,"johnzon-mapper/src/main/java/org/apache/johnzon/mapper/ExceptionMessages.java",EXTRACT_OPERATION,"johnzon-mapper/src/main/java/org/apache/johnzon/mapper/ExceptionMessages.java"
johnzon,7d43052dc173be831eaf1d862564d6f75ef45e71,"johnzon-mapper/src/main/java/org/apache/johnzon/mapper/SetterMappingException.java",EXTRACT_CLASS,"johnzon-mapper/src/main/java/org/apache/johnzon/mapper/SetterMappingException.java; johnzon-mapper/src/main/java/org/apache/johnzon/mapper/ExceptionMessages.java"
johnzon,7d43052dc173be831eaf1d862564d6f75ef45e71,"johnzon-mapper/src/main/java/org/apache/johnzon/mapper/SetterMappingException.java",MOVE_OPERATION,"johnzon-mapper/src/main/java/org/apache/johnzon/mapper/ExceptionMessages.java"
johnzon,7d43052dc173be831eaf1d862564d6f75ef45e71,"johnzon-mapper/src/main/java/org/apache/johnzon/mapper/SetterMappingException.java",MOVE_OPERATION,"johnzon-mapper/src/main/java/org/apache/johnzon/mapper/ExceptionMessages.java"
johnzon,ab20eea0689b0a21d4131cd4316bca44fbe2b695,"johnzon-core/src/main/java/org/apache/johnzon/core/Types.java",EXTRACT_CLASS,"johnzon-core/src/main/java/org/apache/johnzon/core/Types.java; johnzon-jsonb/src/main/java/org/apache/johnzon/jsonb/reflect/Types.java"
johnzon,ab20eea0689b0a21d4131cd4316bca44fbe2b695,"johnzon-core/src/main/java/org/apache/johnzon/core/Types.java",MOVE_OPERATION,"johnzon-jsonb/src/main/java/org/apache/johnzon/jsonb/reflect/Types.java"
johnzon,ab20eea0689b0a21d4131cd4316bca44fbe2b695,"johnzon-core/src/main/java/org/apache/johnzon/core/Types.java",MOVE_OPERATION,"johnzon-jsonb/src/main/java/org/apache/johnzon/jsonb/reflect/Types.java"
johnzon,2ab67a96ac206caafb0ec131b0822f4e48699a8a,"johnzon-core/src/main/java/org/apache/johnzon/core/Snippet.java; johnzon-core/src/main/java/org/apache/johnzon/core/Snippet.java; johnzon-core/src/main/java/org/apache/johnzon/core/Snippet.java",EXTRACT_SUPERCLASS,"johnzon-core/src/main/java/org/apache/johnzon/core/Snippet.java; johnzon-core/src/main/java/org/apache/johnzon/core/Snippet.java; johnzon-core/src/main/java/org/apache/johnzon/core/Snippet.java; johnzon-core/src/main/java/org/apache/johnzon/core/Snippet.java"
johnzon,4dd7763c759746e3f534851beee83288894b556f,"johnzon-core/src/main/java/org/apache/johnzon/core/Snippet.java",EXTRACT_OPERATION,"johnzon-core/src/main/java/org/apache/johnzon/core/Snippet.java"
johnzon,4dd7763c759746e3f534851beee83288894b556f,"johnzon-core/src/main/java/org/apache/johnzon/core/Snippet.java",EXTRACT_OPERATION,"johnzon-core/src/main/java/org/apache/johnzon/core/Snippet.java"
johnzon,4dd7763c759746e3f534851beee83288894b556f,"johnzon-core/src/main/java/org/apache/johnzon/core/Snippet.java",EXTRACT_OPERATION,"johnzon-core/src/main/java/org/apache/johnzon/core/Snippet.java"
johnzon,4dd7763c759746e3f534851beee83288894b556f,"johnzon-core/src/main/java/org/apache/johnzon/core/Snippet.java",EXTRACT_OPERATION,"johnzon-core/src/main/java/org/apache/johnzon/core/Snippet.java"
johnzon,4dd7763c759746e3f534851beee83288894b556f,"johnzon-core/src/main/java/org/apache/johnzon/core/Snippet.java",EXTRACT_OPERATION,"johnzon-core/src/main/java/org/apache/johnzon/core/Snippet.java"
johnzon,391025ccc271ce0074c7b8b9e33608cd7cfeadd0,"johnzon-core/src/test/java/org/apache/johnzon/core/SnippetTest.java",EXTRACT_OPERATION,"johnzon-core/src/test/java/org/apache/johnzon/core/SnippetTest.java"
johnzon,391025ccc271ce0074c7b8b9e33608cd7cfeadd0,"johnzon-core/src/test/java/org/apache/johnzon/core/SnippetTest.java",EXTRACT_OPERATION,"johnzon-core/src/test/java/org/apache/johnzon/core/SnippetTest.java"
johnzon,391025ccc271ce0074c7b8b9e33608cd7cfeadd0,"johnzon-core/src/test/java/org/apache/johnzon/core/SnippetTest.java",EXTRACT_OPERATION,"johnzon-core/src/test/java/org/apache/johnzon/core/SnippetTest.java"
johnzon,391025ccc271ce0074c7b8b9e33608cd7cfeadd0,"johnzon-core/src/test/java/org/apache/johnzon/core/SnippetTest.java",EXTRACT_OPERATION,"johnzon-core/src/test/java/org/apache/johnzon/core/SnippetTest.java"
johnzon,391025ccc271ce0074c7b8b9e33608cd7cfeadd0,"johnzon-core/src/test/java/org/apache/johnzon/core/SnippetTest.java",EXTRACT_OPERATION,"johnzon-core/src/test/java/org/apache/johnzon/core/SnippetTest.java"
johnzon,391025ccc271ce0074c7b8b9e33608cd7cfeadd0,"johnzon-core/src/test/java/org/apache/johnzon/core/SnippetTest.java",EXTRACT_OPERATION,"johnzon-core/src/test/java/org/apache/johnzon/core/SnippetTest.java"
johnzon,391025ccc271ce0074c7b8b9e33608cd7cfeadd0,"johnzon-core/src/test/java/org/apache/johnzon/core/SnippetTest.java",EXTRACT_OPERATION,"johnzon-core/src/test/java/org/apache/johnzon/core/SnippetTest.java"
johnzon,391025ccc271ce0074c7b8b9e33608cd7cfeadd0,"johnzon-core/src/test/java/org/apache/johnzon/core/SnippetTest.java",EXTRACT_OPERATION,"johnzon-core/src/test/java/org/apache/johnzon/core/SnippetTest.java"
johnzon,391025ccc271ce0074c7b8b9e33608cd7cfeadd0,"johnzon-core/src/test/java/org/apache/johnzon/core/SnippetTest.java",EXTRACT_OPERATION,"johnzon-core/src/test/java/org/apache/johnzon/core/SnippetTest.java"
johnzon,391025ccc271ce0074c7b8b9e33608cd7cfeadd0,"johnzon-core/src/test/java/org/apache/johnzon/core/SnippetTest.java",EXTRACT_OPERATION,"johnzon-core/src/test/java/org/apache/johnzon/core/SnippetTest.java"
johnzon,391025ccc271ce0074c7b8b9e33608cd7cfeadd0,"johnzon-core/src/test/java/org/apache/johnzon/core/SnippetTest.java",EXTRACT_OPERATION,"johnzon-core/src/test/java/org/apache/johnzon/core/SnippetTest.java"
johnzon,391025ccc271ce0074c7b8b9e33608cd7cfeadd0,"johnzon-core/src/test/java/org/apache/johnzon/core/SnippetTest.java",EXTRACT_OPERATION,"johnzon-core/src/test/java/org/apache/johnzon/core/SnippetTest.java"
johnzon,391025ccc271ce0074c7b8b9e33608cd7cfeadd0,"johnzon-core/src/test/java/org/apache/johnzon/core/SnippetTest.java",EXTRACT_OPERATION,"johnzon-core/src/test/java/org/apache/johnzon/core/SnippetTest.java"
johnzon,391025ccc271ce0074c7b8b9e33608cd7cfeadd0,"johnzon-core/src/test/java/org/apache/johnzon/core/SnippetTest.java",EXTRACT_OPERATION,"johnzon-core/src/test/java/org/apache/johnzon/core/SnippetTest.java"
johnzon,391025ccc271ce0074c7b8b9e33608cd7cfeadd0,"johnzon-core/src/test/java/org/apache/johnzon/core/SnippetTest.java",EXTRACT_OPERATION,"johnzon-core/src/test/java/org/apache/johnzon/core/SnippetTest.java"
johnzon,391025ccc271ce0074c7b8b9e33608cd7cfeadd0,"johnzon-core/src/test/java/org/apache/johnzon/core/SnippetTest.java",EXTRACT_OPERATION,"johnzon-core/src/test/java/org/apache/johnzon/core/SnippetTest.java"
johnzon,391025ccc271ce0074c7b8b9e33608cd7cfeadd0,"johnzon-core/src/test/java/org/apache/johnzon/core/SnippetTest.java",EXTRACT_OPERATION,"johnzon-core/src/test/java/org/apache/johnzon/core/SnippetTest.java"
johnzon,391025ccc271ce0074c7b8b9e33608cd7cfeadd0,"johnzon-core/src/test/java/org/apache/johnzon/core/SnippetTest.java",EXTRACT_OPERATION,"johnzon-core/src/test/java/org/apache/johnzon/core/SnippetTest.java"
johnzon,391025ccc271ce0074c7b8b9e33608cd7cfeadd0,"johnzon-core/src/test/java/org/apache/johnzon/core/SnippetTest.java",EXTRACT_OPERATION,"johnzon-core/src/test/java/org/apache/johnzon/core/SnippetTest.java"
johnzon,391025ccc271ce0074c7b8b9e33608cd7cfeadd0,"johnzon-core/src/test/java/org/apache/johnzon/core/SnippetTest.java",EXTRACT_OPERATION,"johnzon-core/src/test/java/org/apache/johnzon/core/SnippetTest.java"
johnzon,391025ccc271ce0074c7b8b9e33608cd7cfeadd0,"johnzon-core/src/test/java/org/apache/johnzon/core/SnippetTest.java",EXTRACT_OPERATION,"johnzon-core/src/test/java/org/apache/johnzon/core/SnippetTest.java"
johnzon,2a8d3f2134d13fedf703fb5a7b3d707697c0b7f5,"johnzon-core/src/main/java/org/apache/johnzon/core/Snippet.java",EXTRACT_OPERATION,"johnzon-core/src/main/java/org/apache/johnzon/core/Snippet.java"
johnzon,2a8d3f2134d13fedf703fb5a7b3d707697c0b7f5,"johnzon-core/src/main/java/org/apache/johnzon/core/Snippet.java",EXTRACT_CLASS,"johnzon-core/src/main/java/org/apache/johnzon/core/Snippet.java; johnzon-core/src/main/java/org/apache/johnzon/core/Snippet.java"
johnzon,2a8d3f2134d13fedf703fb5a7b3d707697c0b7f5,"johnzon-core/src/main/java/org/apache/johnzon/core/Snippet.java",MOVE_OPERATION,"johnzon-core/src/main/java/org/apache/johnzon/core/Snippet.java"
johnzon,2a8d3f2134d13fedf703fb5a7b3d707697c0b7f5,"johnzon-core/src/main/java/org/apache/johnzon/core/Snippet.java",MOVE_OPERATION,"johnzon-core/src/main/java/org/apache/johnzon/core/Snippet.java"
johnzon,2a8d3f2134d13fedf703fb5a7b3d707697c0b7f5,"johnzon-core/src/main/java/org/apache/johnzon/core/Snippet.java",MOVE_OPERATION,"johnzon-core/src/main/java/org/apache/johnzon/core/Snippet.java"
johnzon,2a8d3f2134d13fedf703fb5a7b3d707697c0b7f5,"johnzon-core/src/main/java/org/apache/johnzon/core/Snippet.java",MOVE_OPERATION,"johnzon-core/src/main/java/org/apache/johnzon/core/Snippet.java"
johnzon,2a8d3f2134d13fedf703fb5a7b3d707697c0b7f5,"johnzon-core/src/main/java/org/apache/johnzon/core/Snippet.java",MOVE_OPERATION,"johnzon-core/src/main/java/org/apache/johnzon/core/Snippet.java"
johnzon,2a8d3f2134d13fedf703fb5a7b3d707697c0b7f5,"johnzon-core/src/main/java/org/apache/johnzon/core/Snippet.java",MOVE_OPERATION,"johnzon-core/src/main/java/org/apache/johnzon/core/Snippet.java"
johnzon,2a8d3f2134d13fedf703fb5a7b3d707697c0b7f5,"johnzon-core/src/main/java/org/apache/johnzon/core/Snippet.java",MOVE_OPERATION,"johnzon-core/src/main/java/org/apache/johnzon/core/Snippet.java"
johnzon,bc8b05e1a9a3ffbc197e68267191ca8abffa057c,"johnzon-core/src/main/java/org/apache/johnzon/core/Snippet.java; johnzon-core/src/main/java/org/apache/johnzon/core/Snippet.java; johnzon-core/src/main/java/org/apache/johnzon/core/Snippet.java",EXTRACT_SUPERCLASS,"johnzon-core/src/main/java/org/apache/johnzon/core/Snippet.java; johnzon-core/src/main/java/org/apache/johnzon/core/Snippet.java; johnzon-core/src/main/java/org/apache/johnzon/core/Snippet.java; johnzon-core/src/main/java/org/apache/johnzon/core/Snippet.java"
johnzon,ddd0f24170dc1441a6c88bfc6220430f7002bfa5,"johnzon-core/src/main/java/org/apache/johnzon/core/Snippet.java",EXTRACT_OPERATION,"johnzon-core/src/main/java/org/apache/johnzon/core/Snippet.java"
johnzon,ddd0f24170dc1441a6c88bfc6220430f7002bfa5,"johnzon-core/src/main/java/org/apache/johnzon/core/Snippet.java",EXTRACT_OPERATION,"johnzon-core/src/main/java/org/apache/johnzon/core/Snippet.java"
johnzon,ddd0f24170dc1441a6c88bfc6220430f7002bfa5,"johnzon-core/src/main/java/org/apache/johnzon/core/Snippet.java",EXTRACT_OPERATION,"johnzon-core/src/main/java/org/apache/johnzon/core/Snippet.java"
johnzon,ddd0f24170dc1441a6c88bfc6220430f7002bfa5,"johnzon-core/src/main/java/org/apache/johnzon/core/Snippet.java",EXTRACT_OPERATION,"johnzon-core/src/main/java/org/apache/johnzon/core/Snippet.java"
johnzon,ddd0f24170dc1441a6c88bfc6220430f7002bfa5,"johnzon-core/src/main/java/org/apache/johnzon/core/Snippet.java",EXTRACT_OPERATION,"johnzon-core/src/main/java/org/apache/johnzon/core/Snippet.java"
johnzon,77936bb979cd5d2161ac1b2f9afdcf0054a977cf,"johnzon-core/src/test/java/org/apache/johnzon/core/SnippetTest.java",EXTRACT_OPERATION,"johnzon-core/src/test/java/org/apache/johnzon/core/SnippetTest.java"
johnzon,77936bb979cd5d2161ac1b2f9afdcf0054a977cf,"johnzon-core/src/test/java/org/apache/johnzon/core/SnippetTest.java",EXTRACT_OPERATION,"johnzon-core/src/test/java/org/apache/johnzon/core/SnippetTest.java"
johnzon,77936bb979cd5d2161ac1b2f9afdcf0054a977cf,"johnzon-core/src/test/java/org/apache/johnzon/core/SnippetTest.java",EXTRACT_OPERATION,"johnzon-core/src/test/java/org/apache/johnzon/core/SnippetTest.java"
johnzon,77936bb979cd5d2161ac1b2f9afdcf0054a977cf,"johnzon-core/src/test/java/org/apache/johnzon/core/SnippetTest.java",EXTRACT_OPERATION,"johnzon-core/src/test/java/org/apache/johnzon/core/SnippetTest.java"
johnzon,77936bb979cd5d2161ac1b2f9afdcf0054a977cf,"johnzon-core/src/test/java/org/apache/johnzon/core/SnippetTest.java",EXTRACT_OPERATION,"johnzon-core/src/test/java/org/apache/johnzon/core/SnippetTest.java"
johnzon,77936bb979cd5d2161ac1b2f9afdcf0054a977cf,"johnzon-core/src/test/java/org/apache/johnzon/core/SnippetTest.java",EXTRACT_OPERATION,"johnzon-core/src/test/java/org/apache/johnzon/core/SnippetTest.java"
johnzon,77936bb979cd5d2161ac1b2f9afdcf0054a977cf,"johnzon-core/src/test/java/org/apache/johnzon/core/SnippetTest.java",EXTRACT_OPERATION,"johnzon-core/src/test/java/org/apache/johnzon/core/SnippetTest.java"
johnzon,77936bb979cd5d2161ac1b2f9afdcf0054a977cf,"johnzon-core/src/test/java/org/apache/johnzon/core/SnippetTest.java",EXTRACT_OPERATION,"johnzon-core/src/test/java/org/apache/johnzon/core/SnippetTest.java"
johnzon,77936bb979cd5d2161ac1b2f9afdcf0054a977cf,"johnzon-core/src/test/java/org/apache/johnzon/core/SnippetTest.java",EXTRACT_OPERATION,"johnzon-core/src/test/java/org/apache/johnzon/core/SnippetTest.java"
johnzon,77936bb979cd5d2161ac1b2f9afdcf0054a977cf,"johnzon-core/src/test/java/org/apache/johnzon/core/SnippetTest.java",EXTRACT_OPERATION,"johnzon-core/src/test/java/org/apache/johnzon/core/SnippetTest.java"
johnzon,77936bb979cd5d2161ac1b2f9afdcf0054a977cf,"johnzon-core/src/test/java/org/apache/johnzon/core/SnippetTest.java",EXTRACT_OPERATION,"johnzon-core/src/test/java/org/apache/johnzon/core/SnippetTest.java"
johnzon,77936bb979cd5d2161ac1b2f9afdcf0054a977cf,"johnzon-core/src/test/java/org/apache/johnzon/core/SnippetTest.java",EXTRACT_OPERATION,"johnzon-core/src/test/java/org/apache/johnzon/core/SnippetTest.java"
johnzon,77936bb979cd5d2161ac1b2f9afdcf0054a977cf,"johnzon-core/src/test/java/org/apache/johnzon/core/SnippetTest.java",EXTRACT_OPERATION,"johnzon-core/src/test/java/org/apache/johnzon/core/SnippetTest.java"
johnzon,77936bb979cd5d2161ac1b2f9afdcf0054a977cf,"johnzon-core/src/test/java/org/apache/johnzon/core/SnippetTest.java",EXTRACT_OPERATION,"johnzon-core/src/test/java/org/apache/johnzon/core/SnippetTest.java"
johnzon,77936bb979cd5d2161ac1b2f9afdcf0054a977cf,"johnzon-core/src/test/java/org/apache/johnzon/core/SnippetTest.java",EXTRACT_OPERATION,"johnzon-core/src/test/java/org/apache/johnzon/core/SnippetTest.java"
johnzon,77936bb979cd5d2161ac1b2f9afdcf0054a977cf,"johnzon-core/src/test/java/org/apache/johnzon/core/SnippetTest.java",EXTRACT_OPERATION,"johnzon-core/src/test/java/org/apache/johnzon/core/SnippetTest.java"
johnzon,77936bb979cd5d2161ac1b2f9afdcf0054a977cf,"johnzon-core/src/test/java/org/apache/johnzon/core/SnippetTest.java",EXTRACT_OPERATION,"johnzon-core/src/test/java/org/apache/johnzon/core/SnippetTest.java"
johnzon,77936bb979cd5d2161ac1b2f9afdcf0054a977cf,"johnzon-core/src/test/java/org/apache/johnzon/core/SnippetTest.java",EXTRACT_OPERATION,"johnzon-core/src/test/java/org/apache/johnzon/core/SnippetTest.java"
johnzon,77936bb979cd5d2161ac1b2f9afdcf0054a977cf,"johnzon-core/src/test/java/org/apache/johnzon/core/SnippetTest.java",EXTRACT_OPERATION,"johnzon-core/src/test/java/org/apache/johnzon/core/SnippetTest.java"
johnzon,77936bb979cd5d2161ac1b2f9afdcf0054a977cf,"johnzon-core/src/test/java/org/apache/johnzon/core/SnippetTest.java",EXTRACT_OPERATION,"johnzon-core/src/test/java/org/apache/johnzon/core/SnippetTest.java"
johnzon,77936bb979cd5d2161ac1b2f9afdcf0054a977cf,"johnzon-core/src/test/java/org/apache/johnzon/core/SnippetTest.java",EXTRACT_OPERATION,"johnzon-core/src/test/java/org/apache/johnzon/core/SnippetTest.java"
johnzon,3924932311ea581bee7df4068085bb25e1ea77b9,"johnzon-core/src/main/java/org/apache/johnzon/core/Snippet.java",EXTRACT_OPERATION,"johnzon-core/src/main/java/org/apache/johnzon/core/Snippet.java"
johnzon,3924932311ea581bee7df4068085bb25e1ea77b9,"johnzon-core/src/main/java/org/apache/johnzon/core/Snippet.java",EXTRACT_CLASS,"johnzon-core/src/main/java/org/apache/johnzon/core/Snippet.java; johnzon-core/src/main/java/org/apache/johnzon/core/Snippet.java"
johnzon,3924932311ea581bee7df4068085bb25e1ea77b9,"johnzon-core/src/main/java/org/apache/johnzon/core/Snippet.java",MOVE_OPERATION,"johnzon-core/src/main/java/org/apache/johnzon/core/Snippet.java"
johnzon,3924932311ea581bee7df4068085bb25e1ea77b9,"johnzon-core/src/main/java/org/apache/johnzon/core/Snippet.java",MOVE_OPERATION,"johnzon-core/src/main/java/org/apache/johnzon/core/Snippet.java"
johnzon,3924932311ea581bee7df4068085bb25e1ea77b9,"johnzon-core/src/main/java/org/apache/johnzon/core/Snippet.java",MOVE_OPERATION,"johnzon-core/src/main/java/org/apache/johnzon/core/Snippet.java"
johnzon,3924932311ea581bee7df4068085bb25e1ea77b9,"johnzon-core/src/main/java/org/apache/johnzon/core/Snippet.java",MOVE_OPERATION,"johnzon-core/src/main/java/org/apache/johnzon/core/Snippet.java"
johnzon,3924932311ea581bee7df4068085bb25e1ea77b9,"johnzon-core/src/main/java/org/apache/johnzon/core/Snippet.java",MOVE_OPERATION,"johnzon-core/src/main/java/org/apache/johnzon/core/Snippet.java"
johnzon,3924932311ea581bee7df4068085bb25e1ea77b9,"johnzon-core/src/main/java/org/apache/johnzon/core/Snippet.java",MOVE_OPERATION,"johnzon-core/src/main/java/org/apache/johnzon/core/Snippet.java"
johnzon,3924932311ea581bee7df4068085bb25e1ea77b9,"johnzon-core/src/main/java/org/apache/johnzon/core/Snippet.java",MOVE_OPERATION,"johnzon-core/src/main/java/org/apache/johnzon/core/Snippet.java"
johnzon,442b44992ca6dcfc702d64df121d0b969ade5336,"johnzon-core/src/main/java/org/apache/johnzon/core/util/ClassUtil.java",EXTRACT_CLASS,"johnzon-core/src/main/java/org/apache/johnzon/core/util/ClassUtil.java; johnzon-mapper/src/main/java/org/apache/johnzon/mapper/util/BeanUtil.java"
johnzon,442b44992ca6dcfc702d64df121d0b969ade5336,"johnzon-core/src/main/java/org/apache/johnzon/core/util/ClassUtil.java",MOVE_OPERATION,"johnzon-mapper/src/main/java/org/apache/johnzon/mapper/util/BeanUtil.java"
johnzon,442b44992ca6dcfc702d64df121d0b969ade5336,"johnzon-core/src/main/java/org/apache/johnzon/core/util/ClassUtil.java",MOVE_OPERATION,"johnzon-mapper/src/main/java/org/apache/johnzon/mapper/util/BeanUtil.java"
johnzon,442b44992ca6dcfc702d64df121d0b969ade5336,"johnzon-core/src/main/java/org/apache/johnzon/core/util/ClassUtil.java",MOVE_AND_RENAME_OPERATION,"johnzon-mapper/src/main/java/org/apache/johnzon/mapper/util/BeanUtil.java"
johnzon,46a1bb8103e9f6dc0cd6b174b5a85a22a578e499,"johnzon-jsonb/src/main/java/org/apache/johnzon/jsonb/DefaultPropertyVisibilityStrategy.java",EXTRACT_OPERATION,"johnzon-jsonb/src/main/java/org/apache/johnzon/jsonb/DefaultPropertyVisibilityStrategy.java"
johnzon,c95517479aab2c3934e54f1cdbf5fc9b449925e5,"johnzon-mapper/src/main/java/org/apache/johnzon/mapper/MappingGeneratorImpl.java",EXTRACT_OPERATION,"johnzon-mapper/src/main/java/org/apache/johnzon/mapper/MappingGeneratorImpl.java"
johnzon,c95517479aab2c3934e54f1cdbf5fc9b449925e5,"johnzon-mapper/src/main/java/org/apache/johnzon/mapper/MappingGeneratorImpl.java",EXTRACT_OPERATION,"johnzon-mapper/src/main/java/org/apache/johnzon/mapper/MappingGeneratorImpl.java"
johnzon,c95517479aab2c3934e54f1cdbf5fc9b449925e5,"johnzon-mapper/src/main/java/org/apache/johnzon/mapper/MappingGeneratorImpl.java",EXTRACT_OPERATION,"johnzon-mapper/src/main/java/org/apache/johnzon/mapper/MappingGeneratorImpl.java"
johnzon,c95517479aab2c3934e54f1cdbf5fc9b449925e5,"johnzon-mapper/src/main/java/org/apache/johnzon/mapper/MappingGeneratorImpl.java",EXTRACT_OPERATION,"johnzon-mapper/src/main/java/org/apache/johnzon/mapper/MappingGeneratorImpl.java"
johnzon,c95517479aab2c3934e54f1cdbf5fc9b449925e5,"johnzon-mapper/src/main/java/org/apache/johnzon/mapper/MappingGeneratorImpl.java",EXTRACT_OPERATION,"johnzon-mapper/src/main/java/org/apache/johnzon/mapper/MappingGeneratorImpl.java"
johnzon,c95517479aab2c3934e54f1cdbf5fc9b449925e5,"johnzon-mapper/src/main/java/org/apache/johnzon/mapper/MappingGeneratorImpl.java",EXTRACT_OPERATION,"johnzon-mapper/src/main/java/org/apache/johnzon/mapper/MappingGeneratorImpl.java"
johnzon,c95517479aab2c3934e54f1cdbf5fc9b449925e5,"johnzon-mapper/src/main/java/org/apache/johnzon/mapper/MappingGeneratorImpl.java",EXTRACT_OPERATION,"johnzon-mapper/src/main/java/org/apache/johnzon/mapper/MappingGeneratorImpl.java"
johnzon,c95517479aab2c3934e54f1cdbf5fc9b449925e5,"johnzon-mapper/src/main/java/org/apache/johnzon/mapper/MappingGeneratorImpl.java",EXTRACT_OPERATION,"johnzon-mapper/src/main/java/org/apache/johnzon/mapper/MappingGeneratorImpl.java"
johnzon,87bbe6797c24240e07709def235e18ec7282cb5a,"johnzon-mapper/src/main/java/org/apache/johnzon/mapper/access/FieldAccessMode.java",EXTRACT_OPERATION,"johnzon-mapper/src/main/java/org/apache/johnzon/mapper/access/FieldAccessMode.java"
johnzon,389b6964b2ac2e5f4d12007ae84296d0b911449d,"johnzon-jsonb/src/test/java/org/apache/johnzon/jsonb/api/experimental/JsonbExtensionTest.java",EXTRACT_OPERATION,"johnzon-jsonb/src/test/java/org/apache/johnzon/jsonb/api/experimental/JsonbExtensionTest.java"
johnzon,389b6964b2ac2e5f4d12007ae84296d0b911449d,"johnzon-jsonb/src/test/java/org/apache/johnzon/jsonb/api/experimental/JsonbExtensionTest.java",EXTRACT_OPERATION,"johnzon-jsonb/src/test/java/org/apache/johnzon/jsonb/api/experimental/JsonbExtensionTest.java"
johnzon,73eb0fbaac15d837432ca6f6531c5e811ef918b1,"johnzon-websocket/src/main/java/org/apache/johnzon/websocket/internal/mapper/MapperLocator.java",EXTRACT_SUPERCLASS,"johnzon-websocket/src/main/java/org/apache/johnzon/websocket/internal/mapper/MapperLocator.java; johnzon-websocket/src/main/java/org/apache/johnzon/websocket/internal/servlet/IgnoreIfMissing.java"
johnzon,73eb0fbaac15d837432ca6f6531c5e811ef918b1,"johnzon-websocket/src/main/java/org/apache/johnzon/websocket/internal/mapper/MapperLocator.java",EXTRACT_CLASS,"johnzon-websocket/src/main/java/org/apache/johnzon/websocket/internal/mapper/MapperLocator.java; johnzon-websocket/src/main/java/org/apache/johnzon/websocket/internal/mapper/MapperLocatorDelegate.java"
johnzon,73eb0fbaac15d837432ca6f6531c5e811ef918b1,"johnzon-websocket/src/main/java/org/apache/johnzon/websocket/internal/mapper/MapperLocator.java",PULL_UP_OPERATION,"johnzon-websocket/src/main/java/org/apache/johnzon/websocket/internal/servlet/IgnoreIfMissing.java"
johnzon,73eb0fbaac15d837432ca6f6531c5e811ef918b1,"johnzon-websocket/src/main/java/org/apache/johnzon/websocket/internal/mapper/MapperLocator.java",PULL_UP_OPERATION,"johnzon-websocket/src/main/java/org/apache/johnzon/websocket/internal/servlet/IgnoreIfMissing.java"
johnzon,73eb0fbaac15d837432ca6f6531c5e811ef918b1,"johnzon-websocket/src/main/java/org/apache/johnzon/websocket/internal/mapper/MapperLocator.java",MOVE_OPERATION,"johnzon-websocket/src/main/java/org/apache/johnzon/websocket/internal/mapper/MapperLocatorDelegate.java"
johnzon,5e9ee0a89fb13cf240b3c9ef0d0ed32d801869c5,"johnzon-mapper/src/main/java/org/apache/johnzon/mapper/DynamicMappingGenerator.java",EXTRACT_OPERATION,"johnzon-mapper/src/main/java/org/apache/johnzon/mapper/DynamicMappingGenerator.java"
johnzon,6474c9697d1c81659baddef421dbfbb9fd161635,"johnzon-core/src/main/java/org/apache/johnzon/core/JsonStreamParserImpl.java",EXTRACT_OPERATION,"johnzon-core/src/main/java/org/apache/johnzon/core/JsonStreamParserImpl.java"
johnzon,6474c9697d1c81659baddef421dbfbb9fd161635,"johnzon-core/src/main/java/org/apache/johnzon/core/JsonStreamParserImpl.java",EXTRACT_OPERATION,"johnzon-core/src/main/java/org/apache/johnzon/core/JsonStreamParserImpl.java"
johnzon,6474c9697d1c81659baddef421dbfbb9fd161635,"johnzon-core/src/main/java/org/apache/johnzon/core/JsonStreamParserImpl.java",EXTRACT_OPERATION,"johnzon-core/src/main/java/org/apache/johnzon/core/JsonStreamParserImpl.java"
johnzon,6474c9697d1c81659baddef421dbfbb9fd161635,"johnzon-core/src/main/java/org/apache/johnzon/core/JsonStreamParserImpl.java",EXTRACT_OPERATION,"johnzon-core/src/main/java/org/apache/johnzon/core/JsonStreamParserImpl.java"
johnzon,7001b971b72a7352f2b27f1b9a445e6fe533dd47,"johnzon-jsonlogic/src/main/java/org/apache/johnzon/jsonlogic/JohnzonJsonLogic.java",EXTRACT_OPERATION,"johnzon-jsonlogic/src/main/java/org/apache/johnzon/jsonlogic/JohnzonJsonLogic.java"
johnzon,7001b971b72a7352f2b27f1b9a445e6fe533dd47,"johnzon-jsonlogic/src/main/java/org/apache/johnzon/jsonlogic/JohnzonJsonLogic.java",EXTRACT_OPERATION,"johnzon-jsonlogic/src/main/java/org/apache/johnzon/jsonlogic/JohnzonJsonLogic.java"
johnzon,437dad68a726883a7ca4588690478f7fd3301d30,"johnzon-core/src/test/java/org/apache/johnzon/core/JsonPointerTest.java",EXTRACT_CLASS,"johnzon-core/src/test/java/org/apache/johnzon/core/JsonPointerTest.java; johnzon-jsonp-strict/src/test/java/org/apache/johnzon/jsonp/strict/StrictJsonPointerFactoryTest.java"
johnzon,437dad68a726883a7ca4588690478f7fd3301d30,"johnzon-core/src/test/java/org/apache/johnzon/core/JsonPointerTest.java",MOVE_OPERATION,"johnzon-jsonp-strict/src/test/java/org/apache/johnzon/jsonp/strict/StrictJsonPointerFactoryTest.java"
johnzon,437dad68a726883a7ca4588690478f7fd3301d30,"johnzon-core/src/test/java/org/apache/johnzon/core/JsonPointerTest.java",MOVE_OPERATION,"johnzon-jsonp-strict/src/test/java/org/apache/johnzon/jsonp/strict/StrictJsonPointerFactoryTest.java"
johnzon,437dad68a726883a7ca4588690478f7fd3301d30,"johnzon-core/src/test/java/org/apache/johnzon/core/JsonPointerTest.java",MOVE_OPERATION,"johnzon-jsonp-strict/src/test/java/org/apache/johnzon/jsonp/strict/StrictJsonPointerFactoryTest.java"
johnzon,437dad68a726883a7ca4588690478f7fd3301d30,"johnzon-core/src/test/java/org/apache/johnzon/core/JsonPointerTest.java",MOVE_OPERATION,"johnzon-jsonp-strict/src/test/java/org/apache/johnzon/jsonp/strict/StrictJsonPointerFactoryTest.java"
johnzon,437dad68a726883a7ca4588690478f7fd3301d30,"johnzon-core/src/test/java/org/apache/johnzon/core/JsonPointerTest.java",MOVE_OPERATION,"johnzon-jsonp-strict/src/test/java/org/apache/johnzon/jsonp/strict/StrictJsonPointerFactoryTest.java"
johnzon,437dad68a726883a7ca4588690478f7fd3301d30,"johnzon-core/src/test/java/org/apache/johnzon/core/JsonPointerTest.java",MOVE_OPERATION,"johnzon-jsonp-strict/src/test/java/org/apache/johnzon/jsonp/strict/StrictJsonPointerFactoryTest.java"
johnzon,437dad68a726883a7ca4588690478f7fd3301d30,"johnzon-core/src/test/java/org/apache/johnzon/core/JsonPointerTest.java",MOVE_OPERATION,"johnzon-jsonp-strict/src/test/java/org/apache/johnzon/jsonp/strict/StrictJsonPointerFactoryTest.java"
johnzon,437dad68a726883a7ca4588690478f7fd3301d30,"johnzon-core/src/test/java/org/apache/johnzon/core/JsonPointerTest.java",MOVE_OPERATION,"johnzon-jsonp-strict/src/test/java/org/apache/johnzon/jsonp/strict/StrictJsonPointerFactoryTest.java"
johnzon,437dad68a726883a7ca4588690478f7fd3301d30,"johnzon-core/src/test/java/org/apache/johnzon/core/JsonPointerTest.java",MOVE_OPERATION,"johnzon-jsonp-strict/src/test/java/org/apache/johnzon/jsonp/strict/StrictJsonPointerFactoryTest.java"
johnzon,12c59fd769101c972a5ceb1b9d5a3e05b8a145df,"johnzon-mapper/src/main/java/org/apache/johnzon/mapper/converter/EnumConverter.java",EXTRACT_INTERFACE,"johnzon-mapper/src/main/java/org/apache/johnzon/mapper/converter/EnumConverter.java; johnzon-mapper/src/main/java/org/apache/johnzon/mapper/MapperConfig.java"
johnzon,62ed6949eb3e2053c6ea6720ef0125004f20b89a,"johnzon-core/src/main/java/org/apache/johnzon/core/JsonStreamParserImpl.java",EXTRACT_OPERATION,"johnzon-core/src/main/java/org/apache/johnzon/core/JsonStreamParserImpl.java"
johnzon,0b8c0d13efad98654d258bee1a1ef623ac091ebb,"johnzon-jsonb/src/main/java/org/apache/johnzon/jsonb/JohnzonBuilder.java",EXTRACT_CLASS,"johnzon-jsonb/src/main/java/org/apache/johnzon/jsonb/JohnzonBuilder.java; johnzon-mapper/src/main/java/org/apache/johnzon/mapper/map/LazyConverterMap.java"
johnzon,0b8c0d13efad98654d258bee1a1ef623ac091ebb,"johnzon-jsonb/src/main/java/org/apache/johnzon/jsonb/JohnzonBuilder.java",MOVE_OPERATION,"johnzon-mapper/src/main/java/org/apache/johnzon/mapper/map/LazyConverterMap.java"
johnzon,0b8c0d13efad98654d258bee1a1ef623ac091ebb,"johnzon-jsonb/src/main/java/org/apache/johnzon/jsonb/JohnzonBuilder.java",MOVE_OPERATION,"johnzon-mapper/src/main/java/org/apache/johnzon/mapper/map/LazyConverterMap.java"
johnzon,0b8c0d13efad98654d258bee1a1ef623ac091ebb,"johnzon-jsonb/src/main/java/org/apache/johnzon/jsonb/JohnzonBuilder.java",MOVE_OPERATION,"johnzon-mapper/src/main/java/org/apache/johnzon/mapper/map/LazyConverterMap.java"
johnzon,0b8c0d13efad98654d258bee1a1ef623ac091ebb,"johnzon-jsonb/src/main/java/org/apache/johnzon/jsonb/JohnzonBuilder.java",MOVE_OPERATION,"johnzon-mapper/src/main/java/org/apache/johnzon/mapper/map/LazyConverterMap.java"
johnzon,0b8c0d13efad98654d258bee1a1ef623ac091ebb,"johnzon-jsonb/src/main/java/org/apache/johnzon/jsonb/JohnzonBuilder.java",MOVE_OPERATION,"johnzon-mapper/src/main/java/org/apache/johnzon/mapper/map/LazyConverterMap.java"
johnzon,0b8c0d13efad98654d258bee1a1ef623ac091ebb,"johnzon-mapper/src/main/java/org/apache/johnzon/mapper/MappingParserImpl.java",EXTRACT_AND_MOVE_OPERATION,"johnzon-mapper/src/main/java/org/apache/johnzon/mapper/MappingParserImpl.java; johnzon-mapper/src/main/java/org/apache/johnzon/mapper/TypeAwareAdapter.java"
johnzon,920af228fe9ea2b76a8f81197299286239b5e5e3,"johnzon-jsonb/src/main/java/org/apache/johnzon/jsonb/JohnzonBuilder.java",EXTRACT_OPERATION,"johnzon-jsonb/src/main/java/org/apache/johnzon/jsonb/JohnzonBuilder.java"
johnzon,ecdc643014446ef35be2782224f450360d23ed74,"johnzon-jsonb/src/main/java/org/apache/johnzon/jsonb/JohnzonBuilder.java",EXTRACT_OPERATION,"johnzon-jsonb/src/main/java/org/apache/johnzon/jsonb/JohnzonBuilder.java"
johnzon,a3b6f4460196b69f47751471c53ca8085d542ee3,"johnzon-jsonb/src/main/java/org/apache/johnzon/jaxrs/jsonb/jaxrs/JsonbJaxrsProvider.java",EXTRACT_OPERATION,"johnzon-jsonb/src/main/java/org/apache/johnzon/jaxrs/jsonb/jaxrs/JsonbJaxrsProvider.java"
johnzon,a3b6f4460196b69f47751471c53ca8085d542ee3,"johnzon-jsonb/src/main/java/org/apache/johnzon/jaxrs/jsonb/jaxrs/JsonbJaxrsProvider.java",EXTRACT_OPERATION,"johnzon-jsonb/src/main/java/org/apache/johnzon/jaxrs/jsonb/jaxrs/JsonbJaxrsProvider.java"
johnzon,7c6f006e566f08da4360b512518f432a7eb862a9,"johnzon-mapper/src/main/java/org/apache/johnzon/mapper/Mappings.java",EXTRACT_OPERATION,"johnzon-mapper/src/main/java/org/apache/johnzon/mapper/Mappings.java"
johnzon,7c6f006e566f08da4360b512518f432a7eb862a9,"johnzon-mapper/src/main/java/org/apache/johnzon/mapper/Mappings.java",EXTRACT_OPERATION,"johnzon-mapper/src/main/java/org/apache/johnzon/mapper/Mappings.java"
johnzon,7c6f006e566f08da4360b512518f432a7eb862a9,"johnzon-mapper/src/main/java/org/apache/johnzon/mapper/Mappings.java",MOVE_OPERATION,"johnzon-mapper/src/main/java/org/apache/johnzon/mapper/reflection/Generics.java"
johnzon,452393789070e24a9dd92bb2e57dcfa9ad988abd,"johnzon-mapper/src/main/java/org/apache/johnzon/mapper/Mappings.java",EXTRACT_OPERATION,"johnzon-mapper/src/main/java/org/apache/johnzon/mapper/Mappings.java"
johnzon,452393789070e24a9dd92bb2e57dcfa9ad988abd,"johnzon-mapper/src/main/java/org/apache/johnzon/mapper/Mappings.java",EXTRACT_OPERATION,"johnzon-mapper/src/main/java/org/apache/johnzon/mapper/Mappings.java"
johnzon,cd66727ab3244223a9b6c69227e74c7f7e94edfb,"johnzon-jsonb/src/main/java/org/apache/johnzon/jsonb/JsonbAccessMode.java",EXTRACT_OPERATION,"johnzon-jsonb/src/main/java/org/apache/johnzon/jsonb/JsonbAccessMode.java"
johnzon,b9a02d27425acc954bd77080e2c6b64c6706d418,"johnzon-jsonb/src/main/java/org/apache/johnzon/jsonb/JohnzonBuilder.java",EXTRACT_OPERATION,"johnzon-jsonb/src/main/java/org/apache/johnzon/jsonb/JohnzonBuilder.java"
johnzon,ab25e903f59ef0fc1ebb7eccb32076adb5159c6a,"johnzon-jsonb/src/test/java/org/apache/johnzon/jsonb/FailOnUnknownPropertiesTest.java",EXTRACT_OPERATION,"johnzon-jsonb/src/test/java/org/apache/johnzon/jsonb/FailOnUnknownPropertiesTest.java"
johnzon,0775ac035f0e98d1f768418b619d47932840384d,"johnzon-jsonb/src/test/java/org/apache/johnzon/jsonb/OrderTest.java",MOVE_OPERATION,"johnzon-jsonb/src/test/java/org/apache/johnzon/jsonb/SerializerTest.java"
johnzon,0775ac035f0e98d1f768418b619d47932840384d,"johnzon-jsonb/src/test/java/org/apache/johnzon/jsonb/OrderTest.java",MOVE_OPERATION,"johnzon-jsonb/src/test/java/org/apache/johnzon/jsonb/SerializerTest.java"
johnzon,2961aa8f73ab4793810b07a4125f3a7daebc31ac,"johnzon-jsonb/src/main/java/org/apache/johnzon/jsonb/JsonbAccessMode.java",EXTRACT_OPERATION,"johnzon-jsonb/src/main/java/org/apache/johnzon/jsonb/JsonbAccessMode.java"
johnzon,2961aa8f73ab4793810b07a4125f3a7daebc31ac,"johnzon-jsonb/src/main/java/org/apache/johnzon/jsonb/JsonbAccessMode.java",EXTRACT_OPERATION,"johnzon-jsonb/src/main/java/org/apache/johnzon/jsonb/JsonbAccessMode.java"
johnzon,cb1b21b216aee6a94dd4d1cbec03304b0e6201c6,"johnzon-mapper/src/main/java/org/apache/johnzon/mapper/MappingGeneratorImpl.java",EXTRACT_OPERATION,"johnzon-mapper/src/main/java/org/apache/johnzon/mapper/MappingGeneratorImpl.java"
johnzon,b4a25a4b7301fb7f44e1c7266b0e42c671a0b606,"johnzon-core/src/main/java/org/apache/johnzon/core/util/ArrayUtil.java",MOVE_OPERATION,"johnzon-mapper/src/main/java/org/apache/johnzon/mapper/util/ArrayUtil.java"
johnzon,41e0fdc50c59153a03e49e85afac534949ece4e6,"johnzon-mapper/src/main/java/org/apache/johnzon/mapper/MappingGeneratorImpl.java",MOVE_OPERATION,"johnzon-core/src/main/java/org/apache/johnzon/core/util/ArrayUtil.java"
johnzon,2e0f083f25ed30b2bb20939f1cbcdadea46b6199,"johnzon-mapper/src/main/java/org/apache/johnzon/mapper/Mapper.java",EXTRACT_OPERATION,"johnzon-mapper/src/main/java/org/apache/johnzon/mapper/Mapper.java"
johnzon,440300a32f7a7c96dc4f07ce08846315e60ecbc9,"johnzon-jsonb/src/main/java/org/apache/johnzon/jsonb/JsonValueParserAdapter.java",EXTRACT_OPERATION,"johnzon-jsonb/src/main/java/org/apache/johnzon/jsonb/JsonValueParserAdapter.java"
johnzon,5892a84e61ee6c4c0dab3773ebfb8317d23a3cea,"johnzon-mapper/src/main/java/org/apache/johnzon/mapper/DynamicMappingGenerator.java",EXTRACT_OPERATION,"johnzon-mapper/src/main/java/org/apache/johnzon/mapper/DynamicMappingGenerator.java"
johnzon,542765dd97f02910bb78d745632aef3fd9dd5582,"johnzon-core/src/main/java/org/apache/johnzon/core/Strings.java",EXTRACT_OPERATION,"johnzon-core/src/main/java/org/apache/johnzon/core/Strings.java"
johnzon,c57060f1cec2cf66373e51d0a2ee21edcdf40a7c,"johnzon-core/src/test/java/org/apache/johnzon/core/TypesTest.java",EXTRACT_SUPERCLASS,"johnzon-core/src/test/java/org/apache/johnzon/core/TypesTest.java; johnzon-core/src/test/java/org/apache/johnzon/core/TypesTest.java"
johnzon,a5044f5fbc67849e7511735ed81ddfde1e56a945,"johnzon-core/src/main/java/org/apache/johnzon/core/Types.java",MOVE_AND_RENAME_OPERATION,"johnzon-core/src/main/java/org/apache/johnzon/core/Types.java"
johnzon,a5044f5fbc67849e7511735ed81ddfde1e56a945,"johnzon-core/src/main/java/org/apache/johnzon/core/Types.java",MOVE_AND_RENAME_OPERATION,"johnzon-core/src/main/java/org/apache/johnzon/core/Types.java"
johnzon,f28196b39ae3d0ff2ccdd8b1e9efe2a5801e1e7f,"johnzon-mapper/src/main/java/org/apache/johnzon/mapper/Mapper.java",EXTRACT_OPERATION,"johnzon-mapper/src/main/java/org/apache/johnzon/mapper/Mapper.java"
johnzon,297654206d56de2dd7b2de11e9de1f1eb7a81d41,"johnzon-jsonschema/src/main/java/org/apache/johnzon/jsonschema/spi/builtin/TypeValidation.java",EXTRACT_OPERATION,"johnzon-jsonschema/src/main/java/org/apache/johnzon/jsonschema/spi/builtin/TypeValidation.java"
johnzon,a2cbd4375fcb361a8805e598e51656f34134dfad,"johnzon-mapper/src/main/java/org/apache/johnzon/mapper/access/BaseAccessMode.java",EXTRACT_CLASS,"johnzon-mapper/src/main/java/org/apache/johnzon/mapper/access/BaseAccessMode.java; johnzon-mapper/src/main/java/org/apache/johnzon/mapper/access/BaseAccessMode.java"
johnzon,b594980702cb9ce0f7814ebee1e1bf603775c9ae,"johnzon-core/src/main/java/org/apache/johnzon/core/JsonPointerImpl.java",EXTRACT_OPERATION,"johnzon-core/src/main/java/org/apache/johnzon/core/JsonPointerImpl.java"
johnzon,76fe13de8c50783613fb33ddaaa2838cdff77fc7,"johnzon-core/src/main/java/org/apache/johnzon/core/JsonStreamParserImpl.java",EXTRACT_OPERATION,"johnzon-core/src/main/java/org/apache/johnzon/core/JsonStreamParserImpl.java"
johnzon,76fe13de8c50783613fb33ddaaa2838cdff77fc7,"johnzon-jsonb/src/main/java/org/apache/johnzon/jsonb/JohnzonBuilder.java",EXTRACT_OPERATION,"johnzon-jsonb/src/main/java/org/apache/johnzon/jsonb/JohnzonBuilder.java"
johnzon,76fe13de8c50783613fb33ddaaa2838cdff77fc7,"johnzon-jsonb/src/test/java/org/apache/johnzon/jsonb/JsonbTypesTest.java",EXTRACT_OPERATION,"johnzon-jsonb/src/test/java/org/apache/johnzon/jsonb/JsonbTypesTest.java"
johnzon,76fe13de8c50783613fb33ddaaa2838cdff77fc7,"johnzon-jsonb/src/test/java/org/apache/johnzon/jsonb/jaxrs/JsonbJaxRsTest.java",EXTRACT_OPERATION,"johnzon-jsonb/src/test/java/org/apache/johnzon/jsonb/jaxrs/JsonbJaxRsTest.java"
johnzon,76fe13de8c50783613fb33ddaaa2838cdff77fc7,"johnzon-mapper/src/main/java/org/apache/johnzon/mapper/Mapper.java",EXTRACT_OPERATION,"johnzon-mapper/src/main/java/org/apache/johnzon/mapper/Mapper.java"
johnzon,76fe13de8c50783613fb33ddaaa2838cdff77fc7,"johnzon-mapper/src/main/java/org/apache/johnzon/mapper/MappingParserImpl.java",EXTRACT_OPERATION,"johnzon-mapper/src/main/java/org/apache/johnzon/mapper/MappingParserImpl.java"
johnzon,76fe13de8c50783613fb33ddaaa2838cdff77fc7,"johnzon-core/src/main/java/org/apache/johnzon/core/JsonInMemoryParser.java; johnzon-core/src/main/java/org/apache/johnzon/core/JsonStreamParserImpl.java",EXTRACT_SUPERCLASS,"johnzon-core/src/main/java/org/apache/johnzon/core/JsonInMemoryParser.java; johnzon-core/src/main/java/org/apache/johnzon/core/JsonStreamParserImpl.java; johnzon-core/src/main/java/org/apache/johnzon/core/JohnzonJsonParserImpl.java"
johnzon,f4c4126477fbbc9e201d48fb63b158515abfac3c,"johnzon-jsonschema/src/main/java/org/apache/johnzon/jsonschema/spi/builtin/BaseNumberValidationImpl.java",EXTRACT_OPERATION,"johnzon-jsonschema/src/main/java/org/apache/johnzon/jsonschema/spi/builtin/BaseValidation.java"
johnzon,f4c4126477fbbc9e201d48fb63b158515abfac3c,"johnzon-jsonschema/src/main/java/org/apache/johnzon/jsonschema/spi/builtin/BaseNumberValidationImpl.java",EXTRACT_OPERATION,"johnzon-jsonschema/src/main/java/org/apache/johnzon/jsonschema/spi/builtin/BaseValidation.java"
johnzon,f4c4126477fbbc9e201d48fb63b158515abfac3c,"johnzon-jsonschema/src/main/java/org/apache/johnzon/jsonschema/spi/builtin/BaseNumberValidationImpl.java",EXTRACT_OPERATION,"johnzon-jsonschema/src/main/java/org/apache/johnzon/jsonschema/spi/builtin/BaseValidation.java"
johnzon,f4c4126477fbbc9e201d48fb63b158515abfac3c,"johnzon-jsonschema/src/main/java/org/apache/johnzon/jsonschema/spi/builtin/BaseNumberValidationImpl.java",EXTRACT_OPERATION,"johnzon-jsonschema/src/main/java/org/apache/johnzon/jsonschema/spi/builtin/BaseValidation.java"
johnzon,f4c4126477fbbc9e201d48fb63b158515abfac3c,"johnzon-jsonschema/src/main/java/org/apache/johnzon/jsonschema/spi/builtin/BaseNumberValidationImpl.java",EXTRACT_OPERATION,"johnzon-jsonschema/src/main/java/org/apache/johnzon/jsonschema/spi/builtin/BaseValidation.java"
johnzon,f4c4126477fbbc9e201d48fb63b158515abfac3c,"johnzon-jsonschema/src/main/java/org/apache/johnzon/jsonschema/spi/builtin/ExclusiveMaximumValidation.java; johnzon-jsonschema/src/main/java/org/apache/johnzon/jsonschema/spi/builtin/ExclusiveMinimumValidation.java; johnzon-jsonschema/src/main/java/org/apache/johnzon/jsonschema/spi/builtin/MaximumValidation.java; johnzon-jsonschema/src/main/java/org/apache/johnzon/jsonschema/spi/builtin/MinimumValidation.java; johnzon-jsonschema/src/main/java/org/apache/johnzon/jsonschema/spi/builtin/MultipleOfValidation.java",EXTRACT_SUPERCLASS,"johnzon-jsonschema/src/main/java/org/apache/johnzon/jsonschema/spi/builtin/ExclusiveMaximumValidation.java; johnzon-jsonschema/src/main/java/org/apache/johnzon/jsonschema/spi/builtin/ExclusiveMinimumValidation.java; johnzon-jsonschema/src/main/java/org/apache/johnzon/jsonschema/spi/builtin/MaximumValidation.java; johnzon-jsonschema/src/main/java/org/apache/johnzon/jsonschema/spi/builtin/MinimumValidation.java; johnzon-jsonschema/src/main/java/org/apache/johnzon/jsonschema/spi/builtin/MultipleOfValidation.java; johnzon-jsonschema/src/main/java/org/apache/johnzon/jsonschema/spi/builtin/BaseNumberValidation.java"
johnzon,fb05f282c9d0ec0f03426cfe6be1688ff9aa078f,"johnzon-jsonb/src/test/java/org/apache/johnzon/jsonb/JsonbTypesTest.java",EXTRACT_OPERATION,"johnzon-jsonb/src/test/java/org/apache/johnzon/jsonb/JsonbTypesTest.java"
johnzon,8583655b6be666191b5430bffe2f4a049e908091,"johnzon-jsonb/src/test/java/org/apache/johnzon/jsonb/jaxrs/JsonbJaxRsTest.java",EXTRACT_OPERATION,"johnzon-jsonb/src/test/java/org/apache/johnzon/jsonb/jaxrs/JsonbJaxRsTest.java"
johnzon,8583655b6be666191b5430bffe2f4a049e908091,"johnzon-jsonb/src/test/java/org/apache/johnzon/jsonb/jaxrs/JsonbJaxRsTest.java",EXTRACT_OPERATION,"johnzon-jsonb/src/test/java/org/apache/johnzon/jsonb/jaxrs/JsonbJaxRsTest.java"
johnzon,8583655b6be666191b5430bffe2f4a049e908091,"johnzon-jsonb/src/test/java/org/apache/johnzon/jsonb/jaxrs/JsonbJaxRsTest.java",EXTRACT_OPERATION,"johnzon-jsonb/src/test/java/org/apache/johnzon/jsonb/jaxrs/JsonbJaxRsTest.java"
johnzon,f6f85edc3336c113065bc2bb63f2f31118792c48,"johnzon-jsonb/src/main/java/org/apache/johnzon/jsonb/JohnzonBuilder.java",EXTRACT_OPERATION,"johnzon-jsonb/src/main/java/org/apache/johnzon/jsonb/JohnzonBuilder.java"
johnzon,05effff6e0a555d1a2c62e65d1891745df028ea7,"johnzon-core/src/main/java/org/apache/johnzon/core/JsonInMemoryParser.java; johnzon-core/src/main/java/org/apache/johnzon/core/JsonStreamParserImpl.java",EXTRACT_SUPERCLASS,"johnzon-core/src/main/java/org/apache/johnzon/core/JsonInMemoryParser.java; johnzon-core/src/main/java/org/apache/johnzon/core/JsonStreamParserImpl.java; johnzon-core/src/main/java/org/apache/johnzon/core/JohnzonJsonParserImpl.java"
johnzon,0f693d8257ea70d13517bbacc1e92a499aa3df6f,"johnzon-mapper/src/test/java/org/apache/johnzon/mapper/CircularExceptionTest.java",MOVE_AND_RENAME_OPERATION,"johnzon-mapper/src/test/java/org/apache/johnzon/mapper/CircularObjectsTest.java"
johnzon,adf8b6e8f86db696571a693174a604a0144cd8bf,"johnzon-jsonb/src/main/java/org/apache/johnzon/jsonb/JohnzonBuilder.java",EXTRACT_OPERATION,"johnzon-jsonb/src/main/java/org/apache/johnzon/jsonb/JohnzonBuilder.java"
johnzon,0a45f19686ef2da774a1a939526942ea71c4dff6,"johnzon-mapper/src/main/java/org/apache/johnzon/mapper/MappingParserImpl.java",EXTRACT_OPERATION,"johnzon-mapper/src/main/java/org/apache/johnzon/mapper/MappingParserImpl.java"
johnzon,40e75bc5613ab8fd4e7e1ff486d93faf1c388e42,"jsonb-api/src/main/java/javax/json/bind/JsonbConfig.java",EXTRACT_OPERATION,"jsonb-api/src/main/java/javax/json/bind/JsonbConfig.java"
johnzon,174ffa5babf73356af9a273fc7991e7567118102,"johnzon-core/src/main/java/org/apache/johnzon/core/JsonPatchDiff.java",EXTRACT_SUPERCLASS,"johnzon-core/src/main/java/org/apache/johnzon/core/JsonPatchDiff.java; johnzon-core/src/main/java/org/apache/johnzon/core/DiffBase.java"
johnzon,174ffa5babf73356af9a273fc7991e7567118102,"johnzon-core/src/main/java/org/apache/johnzon/core/JsonPatchDiff.java",PULL_UP_OPERATION,"johnzon-core/src/main/java/org/apache/johnzon/core/DiffBase.java"
johnzon,174ffa5babf73356af9a273fc7991e7567118102,"johnzon-core/src/main/java/org/apache/johnzon/core/JsonPatchDiff.java",PULL_UP_OPERATION,"johnzon-core/src/main/java/org/apache/johnzon/core/DiffBase.java"
johnzon,e2905f9ec8313627ccd5bb6896511b57fe7aa2c5,"johnzon-core/src/main/java/org/apache/johnzon/core/JsonPatchDiff.java",EXTRACT_OPERATION,"johnzon-core/src/main/java/org/apache/johnzon/core/JsonPatchDiff.java"
johnzon,ce46007e6beaa0ef2a30bf931408d7ab665ace2e,"johnzon-core/src/main/java/org/apache/johnzon/core/JsonPatchDiff.java",EXTRACT_OPERATION,"johnzon-core/src/main/java/org/apache/johnzon/core/JsonPatchDiff.java"
johnzon,ce46007e6beaa0ef2a30bf931408d7ab665ace2e,"johnzon-core/src/test/java/org/apache/johnzon/core/JsonPatchDiffTest.java",EXTRACT_OPERATION,"johnzon-core/src/test/java/org/apache/johnzon/core/JsonPatchDiffTest.java"
johnzon,ce46007e6beaa0ef2a30bf931408d7ab665ace2e,"johnzon-core/src/test/java/org/apache/johnzon/core/JsonPatchDiffTest.java",EXTRACT_OPERATION,"johnzon-core/src/test/java/org/apache/johnzon/core/JsonPatchDiffTest.java"
johnzon,2940f6e1309080f37a70ac538275d80b9d5abe19,"johnzon-core/src/test/java/org/apache/johnzon/core/JsonPatchTest.java",MOVE_AND_RENAME_OPERATION,"johnzon-core/src/test/java/org/apache/johnzon/core/JsonPatchDiffTest.java"
johnzon,2940f6e1309080f37a70ac538275d80b9d5abe19,"johnzon-core/src/test/java/org/apache/johnzon/core/JsonPatchTest.java",MOVE_OPERATION,"johnzon-core/src/test/java/org/apache/johnzon/core/JsonPatchDiffTest.java"
johnzon,74cb90884b51861361929cb6f5bcb32ca154a96c,"johnzon-core/src/test/java/org/apache/johnzon/core/JsonPatchTest.java",EXTRACT_OPERATION,"johnzon-core/src/test/java/org/apache/johnzon/core/JsonPatchTest.java"
johnzon,cc830c64a4e6a175a02d13ad2ccf5140401530df,"johnzon-core/src/main/java/org/apache/johnzon/core/JsonPointer.java",EXTRACT_OPERATION,"johnzon-core/src/main/java/org/apache/johnzon/core/JsonPointer.java"
johnzon,cc830c64a4e6a175a02d13ad2ccf5140401530df,"johnzon-core/src/main/java/org/apache/johnzon/core/JsonPointer.java",EXTRACT_OPERATION,"johnzon-core/src/main/java/org/apache/johnzon/core/JsonPointer.java"
johnzon,cc830c64a4e6a175a02d13ad2ccf5140401530df,"johnzon-core/src/main/java/org/apache/johnzon/core/JsonPointer.java",EXTRACT_OPERATION,"johnzon-core/src/main/java/org/apache/johnzon/core/JsonPointer.java"
johnzon,cc830c64a4e6a175a02d13ad2ccf5140401530df,"johnzon-core/src/main/java/org/apache/johnzon/core/JsonPointer.java",EXTRACT_OPERATION,"johnzon-core/src/main/java/org/apache/johnzon/core/JsonPointer.java"
johnzon,b0af96e6d819adf7a28782ebc535894bd27345da,"johnzon-core/src/main/java/org/apache/johnzon/core/SerializablePrimitives.java",MOVE_OPERATION,"johnzon-core/src/main/java/org/apache/johnzon/core/JsonArrayImpl.java"
johnzon,982af7173b1596134c6ed9ce43d871863f58e285,"johnzon-mapper/src/main/java/org/apache/johnzon/mapper/MappingParserImpl.java",EXTRACT_OPERATION,"johnzon-mapper/src/main/java/org/apache/johnzon/mapper/MappingParserImpl.java"
johnzon,b28c4baa08536f012bbc7a8e5a544b005f3a723e,"johnzon-mapper/src/main/java/org/apache/johnzon/mapper/access/FieldAccessMode.java",EXTRACT_AND_MOVE_OPERATION,"johnzon-mapper/src/main/java/org/apache/johnzon/mapper/access/FieldAccessMode.java; johnzon-jsonb/src/main/java/org/apache/johnzon/jsonb/JsonbAccessMode.java"
johnzon,b28c4baa08536f012bbc7a8e5a544b005f3a723e,"johnzon-mapper/src/main/java/org/apache/johnzon/mapper/access/MethodAccessMode.java",EXTRACT_AND_MOVE_OPERATION,"johnzon-mapper/src/main/java/org/apache/johnzon/mapper/access/MethodAccessMode.java; johnzon-jsonb/src/main/java/org/apache/johnzon/jsonb/JsonbAccessMode.java"
johnzon,745668a81818ec37aed31dc6db868740191a9806,"johnzon-jsonb/src/main/java/org/apache/johnzon/jsonb/JsonbAccessMode.java",EXTRACT_OPERATION,"johnzon-jsonb/src/main/java/org/apache/johnzon/jsonb/JsonbAccessMode.java"
johnzon,745668a81818ec37aed31dc6db868740191a9806,"johnzon-jsonb/src/main/java/org/apache/johnzon/jsonb/JsonbAccessMode.java",EXTRACT_OPERATION,"johnzon-jsonb/src/main/java/org/apache/johnzon/jsonb/JsonbAccessMode.java"
johnzon,745668a81818ec37aed31dc6db868740191a9806,"johnzon-jsonb/src/main/java/org/apache/johnzon/jsonb/JsonbAccessMode.java",EXTRACT_OPERATION,"johnzon-jsonb/src/main/java/org/apache/johnzon/jsonb/JsonbAccessMode.java"
johnzon,745668a81818ec37aed31dc6db868740191a9806,"johnzon-mapper/src/main/java/org/apache/johnzon/mapper/ObjectConverter.java",MOVE_OPERATION,"johnzon-mapper/src/main/java/org/apache/johnzon/mapper/ObjectConverter.java"
johnzon,745668a81818ec37aed31dc6db868740191a9806,"johnzon-mapper/src/main/java/org/apache/johnzon/mapper/ObjectConverter.java",MOVE_OPERATION,"johnzon-mapper/src/main/java/org/apache/johnzon/mapper/ObjectConverter.java"
johnzon,e1b93f8b6940f2ed2e83f672e661b7801f95f965,"johnzon-mapper/src/main/java/org/apache/johnzon/mapper/MappingParserImpl.java",EXTRACT_OPERATION,"johnzon-mapper/src/main/java/org/apache/johnzon/mapper/MappingParserImpl.java"
johnzon,e1b93f8b6940f2ed2e83f672e661b7801f95f965,"johnzon-mapper/src/test/java/org/apache/johnzon/mapper/ObjectTypeTest.java",EXTRACT_OPERATION,"johnzon-mapper/src/test/java/org/apache/johnzon/mapper/ObjectTypeTest.java"
johnzon,e1b93f8b6940f2ed2e83f672e661b7801f95f965,"johnzon-mapper/src/test/java/org/apache/johnzon/mapper/ObjectTypeTest.java",EXTRACT_OPERATION,"johnzon-mapper/src/test/java/org/apache/johnzon/mapper/ObjectTypeTest.java"
johnzon,52914970fffe4a9124036f585da9e1365abe71c9,"johnzon-mapper/src/main/java/org/apache/johnzon/mapper/Mapper.java",EXTRACT_OPERATION,"johnzon-mapper/src/main/java/org/apache/johnzon/mapper/Mapper.java"
johnzon,52914970fffe4a9124036f585da9e1365abe71c9,"johnzon-mapper/src/main/java/org/apache/johnzon/mapper/Mapper.java",EXTRACT_OPERATION,"johnzon-mapper/src/main/java/org/apache/johnzon/mapper/Mapper.java"
johnzon,52914970fffe4a9124036f585da9e1365abe71c9,"johnzon-mapper/src/main/java/org/apache/johnzon/mapper/Mapper.java",EXTRACT_OPERATION,"johnzon-mapper/src/main/java/org/apache/johnzon/mapper/Mapper.java"
johnzon,d88dfde07012216d1bd6c1e9eb34cbcfb542b780,"johnzon-mapper/src/main/java/org/apache/johnzon/mapper/Mapper.java",EXTRACT_AND_MOVE_OPERATION,"johnzon-mapper/src/main/java/org/apache/johnzon/mapper/Mapper.java; johnzon-mapper/src/main/java/org/apache/johnzon/mapper/MapperConfig.java"
johnzon,d88dfde07012216d1bd6c1e9eb34cbcfb542b780,"johnzon-mapper/src/main/java/org/apache/johnzon/mapper/MapperBuilder.java",EXTRACT_AND_MOVE_OPERATION,"johnzon-mapper/src/main/java/org/apache/johnzon/mapper/MapperBuilder.java; johnzon-mapper/src/main/java/org/apache/johnzon/mapper/MapperConfig.java"
johnzon,d88dfde07012216d1bd6c1e9eb34cbcfb542b780,"johnzon-mapper/src/main/java/org/apache/johnzon/mapper/MapperBuilder.java",EXTRACT_AND_MOVE_OPERATION,"johnzon-mapper/src/main/java/org/apache/johnzon/mapper/MapperBuilder.java; johnzon-mapper/src/main/java/org/apache/johnzon/mapper/MapperConfig.java"
johnzon,d88dfde07012216d1bd6c1e9eb34cbcfb542b780,"johnzon-mapper/src/main/java/org/apache/johnzon/mapper/Mapper.java",EXTRACT_AND_MOVE_OPERATION,"johnzon-mapper/src/main/java/org/apache/johnzon/mapper/Mapper.java; johnzon-mapper/src/main/java/org/apache/johnzon/mapper/MapperConfig.java"
johnzon,d88dfde07012216d1bd6c1e9eb34cbcfb542b780,"johnzon-mapper/src/main/java/org/apache/johnzon/mapper/MapperBuilder.java",EXTRACT_AND_MOVE_OPERATION,"johnzon-mapper/src/main/java/org/apache/johnzon/mapper/MapperBuilder.java; johnzon-mapper/src/main/java/org/apache/johnzon/mapper/MapperConfig.java"
johnzon,62476e40c7a38d31b9ef86c73bf4161ac3bf936b,"johnzon-mapper/src/test/java/org/apache/johnzon/mapper/ObjectTypeTest.java",EXTRACT_OPERATION,"johnzon-mapper/src/test/java/org/apache/johnzon/mapper/ObjectTypeTest.java"
johnzon,62476e40c7a38d31b9ef86c73bf4161ac3bf936b,"johnzon-mapper/src/main/java/org/apache/johnzon/mapper/Adapter.java; johnzon-mapper/src/main/java/org/apache/johnzon/mapper/Converter.java; johnzon-mapper/src/main/java/org/apache/johnzon/mapper/ObjectConverter.java",EXTRACT_INTERFACE,"johnzon-mapper/src/main/java/org/apache/johnzon/mapper/Adapter.java; johnzon-mapper/src/main/java/org/apache/johnzon/mapper/Converter.java; johnzon-mapper/src/main/java/org/apache/johnzon/mapper/ObjectConverter.java; johnzon-mapper/src/main/java/org/apache/johnzon/mapper/MapperConverter.java"
johnzon,e41b829b34e785e28b24d9771e27976a0fee2ce6,"johnzon-mapper/src/main/java/org/apache/johnzon/mapper/Mapper.java",EXTRACT_CLASS,"johnzon-mapper/src/main/java/org/apache/johnzon/mapper/Mapper.java; johnzon-mapper/src/main/java/org/apache/johnzon/mapper/MapperConfig.java"
johnzon,e41b829b34e785e28b24d9771e27976a0fee2ce6,"johnzon-mapper/src/main/java/org/apache/johnzon/mapper/MapperBuilder.java",EXTRACT_CLASS,"johnzon-mapper/src/main/java/org/apache/johnzon/mapper/MapperBuilder.java; johnzon-mapper/src/main/java/org/apache/johnzon/mapper/MapperConfig.java"
johnzon,b301f2a1e60db70a74802a0a5526a82144773401,"johnzon-jsonb/src/main/java/org/apache/johnzon/jsonb/JsonbAccessMode.java",EXTRACT_OPERATION,"johnzon-jsonb/src/main/java/org/apache/johnzon/jsonb/JsonbAccessMode.java"
johnzon,7c29e78684843f808c785d94458a7a0356c7856e,"johnzon-jsonb/src/main/java/org/apache/johnzon/jsonb/JohnzonBuilder.java",EXTRACT_OPERATION,"johnzon-jsonb/src/main/java/org/apache/johnzon/jsonb/JohnzonBuilder.java"
johnzon,d271dec4ea6ee7bb75805105291d217f1d2129dd,"johnzon-jsonb/src/main/java/org/apache/johnzon/jsonb/JohnzonBuilder.java",EXTRACT_OPERATION,"johnzon-jsonb/src/main/java/org/apache/johnzon/jsonb/JohnzonBuilder.java"
johnzon,6673b73c6568800d046725a768c95bf322854bb3,"johnzon-jsonb/src/main/java/org/apache/johnzon/jsonb/converter/JsonbConverter.java",MOVE_OPERATION,"johnzon-jsonb/src/main/java/org/apache/johnzon/jsonb/converter/JsonbConverterFromString.java"
johnzon,6673b73c6568800d046725a768c95bf322854bb3,"johnzon-jsonb/src/main/java/org/apache/johnzon/jsonb/converter/JsonbConverter.java",MOVE_OPERATION,"johnzon-jsonb/src/main/java/org/apache/johnzon/jsonb/converter/JsonbConverterFromString.java"
johnzon,a2d5d6023df38c648c3e06194ae43c593cf8ed4f,"johnzon-core/src/main/java/org/apache/johnzon/core/JsonReaderImpl.java",EXTRACT_OPERATION,"johnzon-core/src/main/java/org/apache/johnzon/core/JsonReaderImpl.java"
johnzon,a409da7d1121c3d92e09d8d2ba1f123413051f73,"johnzon-jsonb/src/main/java/org/apache/johnzon/jsonb/JsonbAccessMode.java",EXTRACT_OPERATION,"johnzon-jsonb/src/main/java/org/apache/johnzon/jsonb/JsonbAccessMode.java"
johnzon,a409da7d1121c3d92e09d8d2ba1f123413051f73,"johnzon-jsonb/src/main/java/org/apache/johnzon/jsonb/JsonbAccessMode.java",EXTRACT_OPERATION,"johnzon-jsonb/src/main/java/org/apache/johnzon/jsonb/JsonbAccessMode.java"
johnzon,b65d149a50bcd16ce71f6969ae46d9311fc9ce36,"johnzon-mapper/src/main/java/org/apache/johnzon/mapper/reflection/Mappings.java",MOVE_OPERATION,"johnzon-mapper/src/main/java/org/apache/johnzon/mapper/reflection/Converters.java"
johnzon,81373d997793c032eb40bbf360d374fa6de059ec,"johnzon-mapper/src/main/java/org/apache/johnzon/mapper/access/BaseAccessMode.java",EXTRACT_OPERATION,"johnzon-mapper/src/main/java/org/apache/johnzon/mapper/access/BaseAccessMode.java"
johnzon,5724036ca648cf1d57626f8c7f054f18a62d86b1,"johnzon-core/src/main/java/org/apache/johnzon/core/JsonGeneratorImpl.java",EXTRACT_OPERATION,"johnzon-core/src/main/java/org/apache/johnzon/core/JsonGeneratorImpl.java"
johnzon,5724036ca648cf1d57626f8c7f054f18a62d86b1,"johnzon-core/src/main/java/org/apache/johnzon/core/JsonGeneratorImpl.java",EXTRACT_OPERATION,"johnzon-core/src/main/java/org/apache/johnzon/core/JsonGeneratorImpl.java"
johnzon,5724036ca648cf1d57626f8c7f054f18a62d86b1,"johnzon-core/src/main/java/org/apache/johnzon/core/JsonGeneratorImpl.java",EXTRACT_OPERATION,"johnzon-core/src/main/java/org/apache/johnzon/core/JsonGeneratorImpl.java"
johnzon,5724036ca648cf1d57626f8c7f054f18a62d86b1,"johnzon-core/src/main/java/org/apache/johnzon/core/JsonGeneratorImpl.java",EXTRACT_OPERATION,"johnzon-core/src/main/java/org/apache/johnzon/core/JsonGeneratorImpl.java"
johnzon,5724036ca648cf1d57626f8c7f054f18a62d86b1,"johnzon-core/src/main/java/org/apache/johnzon/core/JsonGeneratorImpl.java",EXTRACT_OPERATION,"johnzon-core/src/main/java/org/apache/johnzon/core/JsonGeneratorImpl.java"
johnzon,5724036ca648cf1d57626f8c7f054f18a62d86b1,"johnzon-core/src/main/java/org/apache/johnzon/core/JsonGeneratorImpl.java",EXTRACT_OPERATION,"johnzon-core/src/main/java/org/apache/johnzon/core/JsonGeneratorImpl.java"
johnzon,5724036ca648cf1d57626f8c7f054f18a62d86b1,"johnzon-core/src/main/java/org/apache/johnzon/core/JsonGeneratorImpl.java",EXTRACT_OPERATION,"johnzon-core/src/main/java/org/apache/johnzon/core/JsonGeneratorImpl.java"
johnzon,5724036ca648cf1d57626f8c7f054f18a62d86b1,"johnzon-core/src/main/java/org/apache/johnzon/core/JsonGeneratorImpl.java",EXTRACT_OPERATION,"johnzon-core/src/main/java/org/apache/johnzon/core/JsonGeneratorImpl.java"
johnzon,5724036ca648cf1d57626f8c7f054f18a62d86b1,"johnzon-core/src/main/java/org/apache/johnzon/core/JsonGeneratorImpl.java",EXTRACT_OPERATION,"johnzon-core/src/main/java/org/apache/johnzon/core/JsonGeneratorImpl.java"
johnzon,f1392c2f02b0aeba2b41aed19e3b8625005ea9a1,"johnzon-core/src/main/java/org/apache/johnzon/core/JsonGeneratorImpl.java",EXTRACT_OPERATION,"johnzon-core/src/main/java/org/apache/johnzon/core/JsonGeneratorImpl.java"
johnzon,f1392c2f02b0aeba2b41aed19e3b8625005ea9a1,"johnzon-core/src/main/java/org/apache/johnzon/core/JsonGeneratorImpl.java",EXTRACT_OPERATION,"johnzon-core/src/main/java/org/apache/johnzon/core/JsonGeneratorImpl.java"
johnzon,f1392c2f02b0aeba2b41aed19e3b8625005ea9a1,"johnzon-core/src/main/java/org/apache/johnzon/core/JsonGeneratorImpl.java",EXTRACT_OPERATION,"johnzon-core/src/main/java/org/apache/johnzon/core/JsonGeneratorImpl.java"
johnzon,f1392c2f02b0aeba2b41aed19e3b8625005ea9a1,"johnzon-core/src/main/java/org/apache/johnzon/core/JsonGeneratorImpl.java",EXTRACT_OPERATION,"johnzon-core/src/main/java/org/apache/johnzon/core/JsonGeneratorImpl.java"
johnzon,f1392c2f02b0aeba2b41aed19e3b8625005ea9a1,"johnzon-core/src/main/java/org/apache/johnzon/core/JsonGeneratorImpl.java",EXTRACT_OPERATION,"johnzon-core/src/main/java/org/apache/johnzon/core/JsonGeneratorImpl.java"
johnzon,f1392c2f02b0aeba2b41aed19e3b8625005ea9a1,"johnzon-core/src/main/java/org/apache/johnzon/core/JsonGeneratorImpl.java",EXTRACT_OPERATION,"johnzon-core/src/main/java/org/apache/johnzon/core/JsonGeneratorImpl.java"
johnzon,f1392c2f02b0aeba2b41aed19e3b8625005ea9a1,"johnzon-core/src/main/java/org/apache/johnzon/core/JsonGeneratorImpl.java",EXTRACT_OPERATION,"johnzon-core/src/main/java/org/apache/johnzon/core/JsonGeneratorImpl.java"
johnzon,f1392c2f02b0aeba2b41aed19e3b8625005ea9a1,"johnzon-core/src/main/java/org/apache/johnzon/core/JsonPrettyGeneratorImpl.java",PULL_UP_OPERATION,"johnzon-core/src/main/java/org/apache/johnzon/core/JsonGeneratorImpl.java"
johnzon,fac2ce6784d08f3c4311620f986307605ddf2ab9,"johnzon-jaxrs/src/test/java/org/apache/johnzon/jaxrs/JohnzonProviderTest.java",EXTRACT_OPERATION,"johnzon-jaxrs/src/test/java/org/apache/johnzon/jaxrs/JohnzonProviderTest.java"
johnzon,8841d755094293f658a5764149e9a2010e30da12,"johnzon-mapper/src/main/java/org/apache/johnzon/mapper/access/MethodAccessMode.java",PULL_UP_OPERATION,"johnzon-mapper/src/main/java/org/apache/johnzon/mapper/access/MethodAccessMode.java"
johnzon,ec4ba3fa59ef1deea85e5be602edbc28c9b68f15,"johnzon-core/src/main/java/org/apache/johnzon/core/JsonArrayBuilderImpl.java",EXTRACT_OPERATION,"johnzon-core/src/main/java/org/apache/johnzon/core/JsonArrayBuilderImpl.java"
johnzon,ec4ba3fa59ef1deea85e5be602edbc28c9b68f15,"johnzon-core/src/main/java/org/apache/johnzon/core/JsonArrayBuilderImpl.java",EXTRACT_OPERATION,"johnzon-core/src/main/java/org/apache/johnzon/core/JsonArrayBuilderImpl.java"
johnzon,ec4ba3fa59ef1deea85e5be602edbc28c9b68f15,"johnzon-core/src/main/java/org/apache/johnzon/core/JsonArrayBuilderImpl.java",EXTRACT_OPERATION,"johnzon-core/src/main/java/org/apache/johnzon/core/JsonArrayBuilderImpl.java"
johnzon,ec4ba3fa59ef1deea85e5be602edbc28c9b68f15,"johnzon-core/src/main/java/org/apache/johnzon/core/JsonArrayBuilderImpl.java",EXTRACT_OPERATION,"johnzon-core/src/main/java/org/apache/johnzon/core/JsonArrayBuilderImpl.java"
johnzon,ec4ba3fa59ef1deea85e5be602edbc28c9b68f15,"johnzon-core/src/main/java/org/apache/johnzon/core/JsonArrayBuilderImpl.java",EXTRACT_OPERATION,"johnzon-core/src/main/java/org/apache/johnzon/core/JsonArrayBuilderImpl.java"
johnzon,ec4ba3fa59ef1deea85e5be602edbc28c9b68f15,"johnzon-core/src/main/java/org/apache/johnzon/core/JsonArrayBuilderImpl.java",EXTRACT_OPERATION,"johnzon-core/src/main/java/org/apache/johnzon/core/JsonArrayBuilderImpl.java"
johnzon,ec4ba3fa59ef1deea85e5be602edbc28c9b68f15,"johnzon-core/src/main/java/org/apache/johnzon/core/JsonArrayBuilderImpl.java",EXTRACT_OPERATION,"johnzon-core/src/main/java/org/apache/johnzon/core/JsonArrayBuilderImpl.java"
johnzon,ec4ba3fa59ef1deea85e5be602edbc28c9b68f15,"johnzon-core/src/main/java/org/apache/johnzon/core/JsonArrayBuilderImpl.java",EXTRACT_OPERATION,"johnzon-core/src/main/java/org/apache/johnzon/core/JsonArrayBuilderImpl.java"
johnzon,ec4ba3fa59ef1deea85e5be602edbc28c9b68f15,"johnzon-core/src/main/java/org/apache/johnzon/core/JsonArrayBuilderImpl.java",EXTRACT_OPERATION,"johnzon-core/src/main/java/org/apache/johnzon/core/JsonArrayBuilderImpl.java"
johnzon,ec4ba3fa59ef1deea85e5be602edbc28c9b68f15,"johnzon-core/src/main/java/org/apache/johnzon/core/JsonArrayBuilderImpl.java",EXTRACT_OPERATION,"johnzon-core/src/main/java/org/apache/johnzon/core/JsonArrayBuilderImpl.java"
johnzon,ec4ba3fa59ef1deea85e5be602edbc28c9b68f15,"johnzon-core/src/main/java/org/apache/johnzon/core/JsonArrayBuilderImpl.java",EXTRACT_OPERATION,"johnzon-core/src/main/java/org/apache/johnzon/core/JsonArrayBuilderImpl.java"
johnzon,ec4ba3fa59ef1deea85e5be602edbc28c9b68f15,"johnzon-core/src/main/java/org/apache/johnzon/core/JsonArrayBuilderImpl.java",EXTRACT_OPERATION,"johnzon-core/src/main/java/org/apache/johnzon/core/JsonArrayBuilderImpl.java"
johnzon,ec4ba3fa59ef1deea85e5be602edbc28c9b68f15,"johnzon-core/src/main/java/org/apache/johnzon/core/JsonArrayBuilderImpl.java",EXTRACT_OPERATION,"johnzon-core/src/main/java/org/apache/johnzon/core/JsonArrayBuilderImpl.java"
johnzon,ec4ba3fa59ef1deea85e5be602edbc28c9b68f15,"johnzon-core/src/main/java/org/apache/johnzon/core/JsonArrayBuilderImpl.java",EXTRACT_OPERATION,"johnzon-core/src/main/java/org/apache/johnzon/core/JsonArrayBuilderImpl.java"
johnzon,ec4ba3fa59ef1deea85e5be602edbc28c9b68f15,"johnzon-core/src/main/java/org/apache/johnzon/core/JsonArrayBuilderImpl.java",EXTRACT_OPERATION,"johnzon-core/src/main/java/org/apache/johnzon/core/JsonArrayBuilderImpl.java"
johnzon,ec4ba3fa59ef1deea85e5be602edbc28c9b68f15,"johnzon-core/src/main/java/org/apache/johnzon/core/JsonArrayBuilderImpl.java",EXTRACT_OPERATION,"johnzon-core/src/main/java/org/apache/johnzon/core/JsonArrayBuilderImpl.java"
johnzon,ec4ba3fa59ef1deea85e5be602edbc28c9b68f15,"johnzon-core/src/main/java/org/apache/johnzon/core/JsonArrayBuilderImpl.java",EXTRACT_OPERATION,"johnzon-core/src/main/java/org/apache/johnzon/core/JsonArrayBuilderImpl.java"
johnzon,ec4ba3fa59ef1deea85e5be602edbc28c9b68f15,"johnzon-core/src/main/java/org/apache/johnzon/core/JsonArrayBuilderImpl.java",EXTRACT_OPERATION,"johnzon-core/src/main/java/org/apache/johnzon/core/JsonArrayBuilderImpl.java"
johnzon,ec4ba3fa59ef1deea85e5be602edbc28c9b68f15,"johnzon-core/src/main/java/org/apache/johnzon/core/JsonArrayBuilderImpl.java",EXTRACT_OPERATION,"johnzon-core/src/main/java/org/apache/johnzon/core/JsonArrayBuilderImpl.java"
johnzon,ec4ba3fa59ef1deea85e5be602edbc28c9b68f15,"johnzon-core/src/main/java/org/apache/johnzon/core/JsonArrayBuilderImpl.java",EXTRACT_OPERATION,"johnzon-core/src/main/java/org/apache/johnzon/core/JsonArrayBuilderImpl.java"
johnzon,ec4ba3fa59ef1deea85e5be602edbc28c9b68f15,"johnzon-core/src/main/java/org/apache/johnzon/core/JsonArrayBuilderImpl.java",EXTRACT_OPERATION,"johnzon-core/src/main/java/org/apache/johnzon/core/JsonArrayBuilderImpl.java"
johnzon,ec4ba3fa59ef1deea85e5be602edbc28c9b68f15,"johnzon-core/src/main/java/org/apache/johnzon/core/JsonArrayBuilderImpl.java",EXTRACT_OPERATION,"johnzon-core/src/main/java/org/apache/johnzon/core/JsonArrayBuilderImpl.java"
johnzon,ec4ba3fa59ef1deea85e5be602edbc28c9b68f15,"johnzon-core/src/main/java/org/apache/johnzon/core/JsonReaderImpl.java",EXTRACT_OPERATION,"johnzon-core/src/main/java/org/apache/johnzon/core/JsonReaderImpl.java"
johnzon,ec4ba3fa59ef1deea85e5be602edbc28c9b68f15,"johnzon-core/src/main/java/org/apache/johnzon/core/JsonStreamParserImpl.java",EXTRACT_OPERATION,"johnzon-core/src/main/java/org/apache/johnzon/core/JsonStreamParserImpl.java"
johnzon,ec4ba3fa59ef1deea85e5be602edbc28c9b68f15,"johnzon-core/src/main/java/org/apache/johnzon/core/JsonStreamParserImpl.java",EXTRACT_OPERATION,"johnzon-core/src/main/java/org/apache/johnzon/core/JsonStreamParserImpl.java"
johnzon,6b5d4bb4eb20334ccbebd1fc60ea50d448513de4,"johnzon-core/src/main/java/org/apache/johnzon/core/JsonObjectBuilderImpl.java",EXTRACT_OPERATION,"johnzon-core/src/main/java/org/apache/johnzon/core/JsonObjectBuilderImpl.java"
johnzon,6b5d4bb4eb20334ccbebd1fc60ea50d448513de4,"johnzon-core/src/main/java/org/apache/johnzon/core/JsonStreamParserImpl.java",EXTRACT_OPERATION,"johnzon-core/src/main/java/org/apache/johnzon/core/JsonStreamParserImpl.java"
johnzon,73b2fd63e9dbc01c454419baae3f510897738890,"johnzon-mapper/src/main/java/org/apache/johnzon/mapper/access/FieldAccessMode.java; johnzon-mapper/src/main/java/org/apache/johnzon/mapper/access/FieldAndMethodAccessMode.java; johnzon-mapper/src/main/java/org/apache/johnzon/mapper/access/MethodAccessMode.java",EXTRACT_SUPERCLASS,"johnzon-mapper/src/main/java/org/apache/johnzon/mapper/access/FieldAccessMode.java; johnzon-mapper/src/main/java/org/apache/johnzon/mapper/access/FieldAndMethodAccessMode.java; johnzon-mapper/src/main/java/org/apache/johnzon/mapper/access/MethodAccessMode.java; johnzon-mapper/src/main/java/org/apache/johnzon/mapper/access/BaseAccessMode.java"
johnzon,5d656c825e6351f26a93cbffcf10ef49b310ded9,"johnzon-mapper/src/main/java/org/apache/johnzon/mapper/reflection/Mappings.java",EXTRACT_OPERATION,"johnzon-mapper/src/main/java/org/apache/johnzon/mapper/reflection/Mappings.java"
johnzon,5d656c825e6351f26a93cbffcf10ef49b310ded9,"johnzon-mapper/src/main/java/org/apache/johnzon/mapper/reflection/Mappings.java",EXTRACT_OPERATION,"johnzon-mapper/src/main/java/org/apache/johnzon/mapper/reflection/Mappings.java"
johnzon,fee273e274bdf959e14516508c43ec280b1f4bd7,"johnzon-mapper/src/main/java/org/apache/johnzon/mapper/Mapper.java",EXTRACT_OPERATION,"johnzon-mapper/src/main/java/org/apache/johnzon/mapper/Mapper.java"
johnzon,435e7f8c6eabf02da7cd68da76ba2240fb4ce20b,"johnzon-mapper/src/main/java/org/apache/johnzon/mapper/Mapper.java",EXTRACT_OPERATION,"johnzon-mapper/src/main/java/org/apache/johnzon/mapper/Mapper.java"
johnzon,94b896dfa3e12cb92bf131c3bd9c63900be24936,"johnzon-core/src/main/java/org/apache/johnzon/core/JsonGeneratorFactoryImpl.java; johnzon-core/src/main/java/org/apache/johnzon/core/JsonParserFactoryImpl.java; johnzon-core/src/main/java/org/apache/johnzon/core/JsonReaderFactoryImpl.java; johnzon-core/src/main/java/org/apache/johnzon/core/JsonWriterFactoryImpl.java",EXTRACT_SUPERCLASS,"johnzon-core/src/main/java/org/apache/johnzon/core/JsonGeneratorFactoryImpl.java; johnzon-core/src/main/java/org/apache/johnzon/core/JsonParserFactoryImpl.java; johnzon-core/src/main/java/org/apache/johnzon/core/JsonReaderFactoryImpl.java; johnzon-core/src/main/java/org/apache/johnzon/core/JsonWriterFactoryImpl.java; johnzon-core/src/main/java/org/apache/johnzon/core/AbstractJsonFactory.java"
johnzon,94b896dfa3e12cb92bf131c3bd9c63900be24936,"johnzon-core/src/main/java/org/apache/johnzon/core/JsonGeneratorFactoryImpl.java",PULL_UP_OPERATION,"johnzon-core/src/main/java/org/apache/johnzon/core/AbstractJsonFactory.java"
johnzon,94b896dfa3e12cb92bf131c3bd9c63900be24936,"johnzon-core/src/main/java/org/apache/johnzon/core/JsonParserFactoryImpl.java",PULL_UP_OPERATION,"johnzon-core/src/main/java/org/apache/johnzon/core/AbstractJsonFactory.java"
johnzon,94b896dfa3e12cb92bf131c3bd9c63900be24936,"johnzon-core/src/main/java/org/apache/johnzon/core/JsonGeneratorFactoryImpl.java",PULL_UP_OPERATION,"johnzon-core/src/main/java/org/apache/johnzon/core/AbstractJsonFactory.java"
johnzon,94b896dfa3e12cb92bf131c3bd9c63900be24936,"johnzon-core/src/main/java/org/apache/johnzon/core/JsonParserFactoryImpl.java",PULL_UP_OPERATION,"johnzon-core/src/main/java/org/apache/johnzon/core/AbstractJsonFactory.java"
johnzon,94b896dfa3e12cb92bf131c3bd9c63900be24936,"johnzon-core/src/main/java/org/apache/johnzon/core/JsonParserFactoryImpl.java",PULL_UP_OPERATION,"johnzon-core/src/main/java/org/apache/johnzon/core/AbstractJsonFactory.java"
johnzon,ed1e7d6ff1d058a97c57f078d1851f92aefaa1ea,"johnzon-core/src/main/java/org/apache/johnzon/core/JsonStreamParserImpl.java",EXTRACT_OPERATION,"johnzon-core/src/main/java/org/apache/johnzon/core/JsonStreamParserImpl.java"
johnzon,3d5ebbf7a29d1d9d223a2b7cb1bde0d793fb3e70,"johnzon-mapper/src/test/java/org/apache/johnzon/mapper/MapperTest.java",EXTRACT_OPERATION,"johnzon-mapper/src/test/java/org/apache/johnzon/mapper/MapperTest.java"
johnzon,e45db5c6a492ee6c4c9238d987bb90f57238db71,"johnzon-jaxrs/src/main/java/org/apache/johnzon/jaxrs/JohnzonMessageBodyReader.java; johnzon-jaxrs/src/main/java/org/apache/johnzon/jaxrs/JohnzonMessageBodyWriter.java",EXTRACT_SUPERCLASS,"johnzon-jaxrs/src/main/java/org/apache/johnzon/jaxrs/JohnzonMessageBodyReader.java; johnzon-jaxrs/src/main/java/org/apache/johnzon/jaxrs/JohnzonMessageBodyWriter.java; johnzon-jaxrs/src/main/java/org/apache/johnzon/jaxrs/IgnorableTypes.java"
johnzon,af4f84c8f6d98ae0675b25e1308552ebe2d93a6b,"johnzon-mapper/src/main/java/org/apache/johnzon/mapper/Mapper.java",EXTRACT_OPERATION,"johnzon-mapper/src/main/java/org/apache/johnzon/mapper/Mapper.java"
johnzon,af4f84c8f6d98ae0675b25e1308552ebe2d93a6b,"johnzon-mapper/src/main/java/org/apache/johnzon/mapper/Mapper.java",EXTRACT_OPERATION,"johnzon-mapper/src/main/java/org/apache/johnzon/mapper/Mapper.java"
johnzon,af4f84c8f6d98ae0675b25e1308552ebe2d93a6b,"johnzon-mapper/src/main/java/org/apache/johnzon/mapper/Mapper.java",EXTRACT_OPERATION,"johnzon-mapper/src/main/java/org/apache/johnzon/mapper/Mapper.java"
johnzon,af4f84c8f6d98ae0675b25e1308552ebe2d93a6b,"johnzon-mapper/src/main/java/org/apache/johnzon/mapper/Mapper.java",EXTRACT_OPERATION,"johnzon-mapper/src/main/java/org/apache/johnzon/mapper/Mapper.java"
johnzon,6e86a53e85f50893fbbb8ab156e99a8e10de59a8,"fleece-jaxrs/src/test/java/org/apache/fleece/jaxrs/FleeceProviderTest.java",MOVE_OPERATION,"johnzon-jaxrs/src/test/java/org/apache/johnzon/jaxrs/JohnzonProviderTest.java"
johnzon,192c774a8a3e89655faa5a9498cf28d05ce3dd82,"fleece-core/src/main/java/org/apache/fleece/core/JsonArrayBuilderImpl.java",EXTRACT_OPERATION,"fleece-core/src/main/java/org/apache/fleece/core/JsonArrayBuilderImpl.java"
johnzon,192c774a8a3e89655faa5a9498cf28d05ce3dd82,"fleece-core/src/main/java/org/apache/fleece/core/JsonArrayBuilderImpl.java",EXTRACT_OPERATION,"fleece-core/src/main/java/org/apache/fleece/core/JsonArrayBuilderImpl.java"
johnzon,192c774a8a3e89655faa5a9498cf28d05ce3dd82,"fleece-core/src/main/java/org/apache/fleece/core/JsonArrayBuilderImpl.java",EXTRACT_OPERATION,"fleece-core/src/main/java/org/apache/fleece/core/JsonArrayBuilderImpl.java"
johnzon,192c774a8a3e89655faa5a9498cf28d05ce3dd82,"fleece-core/src/main/java/org/apache/fleece/core/JsonArrayBuilderImpl.java",EXTRACT_OPERATION,"fleece-core/src/main/java/org/apache/fleece/core/JsonArrayBuilderImpl.java"
johnzon,192c774a8a3e89655faa5a9498cf28d05ce3dd82,"fleece-core/src/main/java/org/apache/fleece/core/JsonGeneratorImpl.java",EXTRACT_OPERATION,"fleece-core/src/main/java/org/apache/fleece/core/JsonGeneratorImpl.java"
johnzon,192c774a8a3e89655faa5a9498cf28d05ce3dd82,"fleece-core/src/main/java/org/apache/fleece/core/JsonGeneratorImpl.java",EXTRACT_OPERATION,"fleece-core/src/main/java/org/apache/fleece/core/JsonGeneratorImpl.java"
johnzon,192c774a8a3e89655faa5a9498cf28d05ce3dd82,"fleece-core/src/main/java/org/apache/fleece/core/JsonGeneratorImpl.java",EXTRACT_OPERATION,"fleece-core/src/main/java/org/apache/fleece/core/JsonGeneratorImpl.java"
johnzon,64b94e6656a4bd216fc3ce5221327f27dd41ecc6,"fleece-core/src/main/java/org/apache/fleece/core/JsonParserFactoryImpl.java",EXTRACT_OPERATION,"fleece-core/src/main/java/org/apache/fleece/core/JsonParserFactoryImpl.java"
johnzon,64b94e6656a4bd216fc3ce5221327f27dd41ecc6,"fleece-core/src/main/java/org/apache/fleece/core/JsonProviderImpl.java",MOVE_OPERATION,"fleece-core/src/main/java/org/apache/fleece/core/JsonProviderImpl.java"
johnzon,64b94e6656a4bd216fc3ce5221327f27dd41ecc6,"fleece-core/src/main/java/org/apache/fleece/core/JsonReaderFactoryImpl.java",EXTRACT_AND_MOVE_OPERATION,"fleece-core/src/main/java/org/apache/fleece/core/JsonReaderFactoryImpl.java; fleece-core/src/main/java/org/apache/fleece/core/JsonParserFactoryImpl.java"
johnzon,64b94e6656a4bd216fc3ce5221327f27dd41ecc6,"fleece-core/src/main/java/org/apache/fleece/core/JsonReaderFactoryImpl.java",EXTRACT_AND_MOVE_OPERATION,"fleece-core/src/main/java/org/apache/fleece/core/JsonReaderFactoryImpl.java; fleece-core/src/main/java/org/apache/fleece/core/JsonParserFactoryImpl.java"
johnzon,3a8b2e88481037a28517deb868169b8eac4bbcfd,"fleece-core/src/main/java/org/apache/fleece/core/JsonParserFactoryImpl.java",EXTRACT_OPERATION,"fleece-core/src/main/java/org/apache/fleece/core/JsonParserFactoryImpl.java"
johnzon,3a8b2e88481037a28517deb868169b8eac4bbcfd,"fleece-core/src/main/java/org/apache/fleece/core/JsonParserFactoryImpl.java",EXTRACT_OPERATION,"fleece-core/src/main/java/org/apache/fleece/core/JsonParserFactoryImpl.java"
johnzon,3a8b2e88481037a28517deb868169b8eac4bbcfd,"fleece-core/src/main/java/org/apache/fleece/core/JsonParserFactoryImpl.java",EXTRACT_OPERATION,"fleece-core/src/main/java/org/apache/fleece/core/JsonParserFactoryImpl.java"
johnzon,a3a83cb3bbaca5331bfddbfab708448076e1d806,"fleece-core/src/main/java/org/apache/fleece/core/JsonGeneratorFactoryImpl.java",EXTRACT_OPERATION,"fleece-core/src/main/java/org/apache/fleece/core/JsonGeneratorFactoryImpl.java"
