projectName,SHA,Files Before ref,RefactoringType,files After
spring-framework,e5d4d7c13cfe3ca7ecfc48a6d63cdf3002a7efe2,spring-web/src/main/java/org/springframework/web/client/DefaultApiVersionInserter.java,EXTRACT_INTERFACE,spring-web/src/main/java/org/springframework/web/client/DefaultApiVersionInserterBuilder.java; spring-web/src/main/java/org/springframework/web/client/ApiVersionInserter.java
spring-framework,42e854e5ffe93222969df5d278b9d34e6ccf5fba,spring-web/src/test/java/org/springframework/web/service/registry/AnnotationHttpServiceRegistrarTests.java,MOVE_OPERATION,spring-web/src/test/java/org/springframework/web/service/registry/AnnotationHttpServiceRegistrarTests.java
spring-framework,42e854e5ffe93222969df5d278b9d34e6ccf5fba,spring-web/src/test/java/org/springframework/web/service/registry/AnnotationHttpServiceRegistrarTests.java,MOVE_OPERATION,spring-web/src/test/java/org/springframework/web/service/registry/AnnotationHttpServiceRegistrarTests.java
spring-framework,42e854e5ffe93222969df5d278b9d34e6ccf5fba,spring-web/src/test/java/org/springframework/web/service/registry/AnnotationHttpServiceRegistrarTests.java,MOVE_OPERATION,spring-web/src/test/java/org/springframework/web/service/registry/AnnotationHttpServiceRegistrarTests.java
spring-framework,42e854e5ffe93222969df5d278b9d34e6ccf5fba,spring-web/src/test/java/org/springframework/web/service/registry/AnnotationHttpServiceRegistrarTests.java,MOVE_OPERATION,spring-web/src/test/java/org/springframework/web/service/registry/AnnotationHttpServiceRegistrarTests.java
spring-framework,176b0b09bf305fb545ff268aecd9daae780ee5db,spring-test/src/test/java/org/springframework/test/context/junit4/BeforeAndAfterTransactionAnnotationTests.java,MOVE_OPERATION,spring-test/src/test/java/org/springframework/test/context/junit4/rules/BeforeAndAfterTransactionAnnotationSpringRuleTests.java
spring-framework,176b0b09bf305fb545ff268aecd9daae780ee5db,spring-test/src/test/java/org/springframework/test/context/junit4/RollbackOverrideDefaultRollbackFalseTransactionalTests.java,MOVE_OPERATION,spring-test/src/test/java/org/springframework/test/context/junit4/rules/BeforeAndAfterTransactionAnnotationSpringRuleTests.java
spring-framework,176b0b09bf305fb545ff268aecd9daae780ee5db,spring-test/src/test/java/org/springframework/test/context/junit4/RollbackOverrideDefaultRollbackTrueTransactionalTests.java,MOVE_OPERATION,spring-test/src/test/java/org/springframework/test/context/junit4/rules/BeforeAndAfterTransactionAnnotationSpringRuleTests.java
spring-framework,176b0b09bf305fb545ff268aecd9daae780ee5db,spring-test/src/test/java/org/springframework/test/context/junit4/OptionalContextConfigurationSpringRunnerTests.java,MOVE_OPERATION,spring-test/src/test/java/org/springframework/test/context/config/OptionalContextConfigurationTests.java
spring-framework,49e5c849287a14ad5da0647ebed6908907a9a8ff,spring-test/src/test/java/org/springframework/test/context/junit4/profile/resolver/ClassNameActiveProfilesResolverTests.java,MOVE_OPERATION,spring-test/src/test/java/org/springframework/test/context/jdbc/GeneratedDatabaseNamesTests.java
spring-framework,89ae20b9ff228c18eaae89e6a26e99a32894ee56,spring-core/src/main/java/org/springframework/util/PatternMatchUtils.java,EXTRACT_OPERATION,spring-core/src/main/java/org/springframework/util/PatternMatchUtils.java
spring-framework,5c5cf73e11c76ad68fec92619619999fbea2fd3c,spring-core/src/main/java/org/springframework/util/PatternMatchUtils.java,EXTRACT_OPERATION,spring-core/src/main/java/org/springframework/util/PatternMatchUtils.java
spring-framework,2f60083cd53abf959b0b47199478464721d3cbb8,spring-jdbc/src/test/java/org/springframework/jdbc/core/simple/JdbcClientIntegrationTests.java,EXTRACT_CLASS,spring-jdbc/src/test/java/org/springframework/jdbc/core/simple/JdbcClientIntegrationTests.java; spring-jdbc/src/test/java/org/springframework/jdbc/core/simple/JdbcClientIntegrationTests.java
spring-framework,2f60083cd53abf959b0b47199478464721d3cbb8,spring-r2dbc/src/test/java/org/springframework/r2dbc/core/AbstractDatabaseClientIntegrationTests.java,EXTRACT_CLASS,spring-r2dbc/src/test/java/org/springframework/r2dbc/core/AbstractDatabaseClientIntegrationTests.java; spring-r2dbc/src/test/java/org/springframework/r2dbc/core/AbstractDatabaseClientIntegrationTests.java
spring-framework,2f60083cd53abf959b0b47199478464721d3cbb8,spring-jdbc/src/test/java/org/springframework/jdbc/core/simple/JdbcClientIntegrationTests.java,MOVE_OPERATION,spring-jdbc/src/test/java/org/springframework/jdbc/core/simple/JdbcClientIntegrationTests.java
spring-framework,2f60083cd53abf959b0b47199478464721d3cbb8,spring-jdbc/src/test/java/org/springframework/jdbc/core/simple/JdbcClientIntegrationTests.java,EXTRACT_OPERATION,spring-jdbc/src/test/java/org/springframework/jdbc/core/simple/JdbcClientIntegrationTests.java
spring-framework,2f60083cd53abf959b0b47199478464721d3cbb8,spring-jdbc/src/test/java/org/springframework/jdbc/core/simple/JdbcClientIntegrationTests.java,MOVE_OPERATION,spring-jdbc/src/test/java/org/springframework/jdbc/core/simple/JdbcClientIntegrationTests.java
spring-framework,2f60083cd53abf959b0b47199478464721d3cbb8,spring-jdbc/src/test/java/org/springframework/jdbc/core/simple/JdbcClientIntegrationTests.java,EXTRACT_OPERATION,spring-jdbc/src/test/java/org/springframework/jdbc/core/simple/JdbcClientIntegrationTests.java
spring-framework,2f60083cd53abf959b0b47199478464721d3cbb8,spring-r2dbc/src/test/java/org/springframework/r2dbc/core/AbstractDatabaseClientIntegrationTests.java,MOVE_OPERATION,spring-r2dbc/src/test/java/org/springframework/r2dbc/core/AbstractDatabaseClientIntegrationTests.java
spring-framework,2f60083cd53abf959b0b47199478464721d3cbb8,spring-r2dbc/src/test/java/org/springframework/r2dbc/core/AbstractDatabaseClientIntegrationTests.java,MOVE_OPERATION,spring-r2dbc/src/test/java/org/springframework/r2dbc/core/AbstractDatabaseClientIntegrationTests.java
spring-framework,2f60083cd53abf959b0b47199478464721d3cbb8,spring-r2dbc/src/test/java/org/springframework/r2dbc/core/AbstractDatabaseClientIntegrationTests.java,MOVE_OPERATION,spring-r2dbc/src/test/java/org/springframework/r2dbc/core/AbstractDatabaseClientIntegrationTests.java
spring-framework,88e773ae2467d8bc9a90a866ac548f5dac059f3b,spring-web/src/main/java/org/springframework/web/service/registry/AbstractHttpServiceRegistrar.java,EXTRACT_OPERATION,spring-web/src/main/java/org/springframework/web/service/registry/AbstractHttpServiceRegistrar.java
spring-framework,3afd5511743840dd2c97d7410362963dd0d9f3e2,spring-core/src/main/java/org/springframework/util/ConcurrencyThrottleSupport.java,EXTRACT_OPERATION,spring-core/src/main/java/org/springframework/util/ConcurrencyThrottleSupport.java
spring-framework,0c7bc232d67ff12e6c98ab803dc83ba3ef0e405b,spring-test/src/main/java/org/springframework/test/context/bean/override/BeanOverrideRegistry.java,EXTRACT_OPERATION,spring-test/src/main/java/org/springframework/test/context/bean/override/BeanOverrideRegistry.java
spring-framework,e01ad5a08df593f58ce3a946a84eae1565a2821a,spring-web/src/test/java/org/springframework/http/server/ServletServerHttpRequestTests.java,EXTRACT_OPERATION,spring-web/src/test/java/org/springframework/http/server/ServletServerHttpRequestTests.java
spring-framework,e01ad5a08df593f58ce3a946a84eae1565a2821a,spring-web/src/test/java/org/springframework/http/server/ServletServerHttpRequestTests.java,EXTRACT_OPERATION,spring-web/src/test/java/org/springframework/http/server/ServletServerHttpRequestTests.java
spring-framework,e01ad5a08df593f58ce3a946a84eae1565a2821a,spring-web/src/test/java/org/springframework/http/server/ServletServerHttpRequestTests.java,EXTRACT_OPERATION,spring-web/src/test/java/org/springframework/http/server/ServletServerHttpRequestTests.java
spring-framework,e01ad5a08df593f58ce3a946a84eae1565a2821a,spring-web/src/test/java/org/springframework/http/server/ServletServerHttpRequestTests.java,EXTRACT_OPERATION,spring-web/src/test/java/org/springframework/http/server/ServletServerHttpRequestTests.java
spring-framework,302f04ecf32ae6c1687cf82b3cca475bea37b272,spring-web/src/main/java/org/springframework/web/service/registry/AbstractHttpServiceRegistrar.java,EXTRACT_INTERFACE,spring-web/src/main/java/org/springframework/web/service/registry/GroupsMetadata.java; spring-web/src/main/java/org/springframework/web/service/registry/GroupsMetadata.java
spring-framework,302f04ecf32ae6c1687cf82b3cca475bea37b272,spring-web/src/main/java/org/springframework/web/service/registry/AbstractHttpServiceRegistrar.java,EXTRACT_CLASS,spring-web/src/main/java/org/springframework/web/service/registry/AbstractHttpServiceRegistrar.java; spring-web/src/main/java/org/springframework/web/service/registry/GroupsMetadata.java
spring-framework,302f04ecf32ae6c1687cf82b3cca475bea37b272,spring-web/src/main/java/org/springframework/web/service/registry/AbstractHttpServiceRegistrar.java,MOVE_OPERATION,spring-web/src/main/java/org/springframework/web/service/registry/GroupsMetadata.java
spring-framework,51c084ffb6b152028d5d7ff0b1dcd4fee889be76,spring-core/src/test/java/org/springframework/core/convert/converter/DefaultConversionServiceTests.java,EXTRACT_CLASS,spring-core/src/test/java/org/springframework/core/convert/converter/DefaultConversionServiceTests.java; spring-core/src/test/java/org/springframework/core/convert/converter/DefaultConversionServiceTests.java
spring-framework,51c084ffb6b152028d5d7ff0b1dcd4fee889be76,spring-core/src/test/java/org/springframework/core/convert/converter/DefaultConversionServiceTests.java,MOVE_OPERATION,spring-core/src/test/java/org/springframework/core/convert/converter/DefaultConversionServiceTests.java
spring-framework,374c3b4545a65d0a7f616ff2ff1a7a54516d294d,spring-test/src/main/java/org/springframework/test/context/bean/override/BeanOverrideBeanFactoryPostProcessor.java,EXTRACT_OPERATION,spring-test/src/main/java/org/springframework/test/context/bean/override/BeanOverrideBeanFactoryPostProcessor.java
spring-framework,aa56b5001a429ead3ffdeac04cbcbe1d6e6521eb,spring-beans/src/main/java/org/springframework/beans/factory/support/AbstractBeanFactory.java,EXTRACT_OPERATION,spring-beans/src/main/java/org/springframework/beans/factory/support/AbstractBeanFactory.java
spring-framework,fb423d66e37451485d2e883dc9d3a38303837e15,spring-core/src/test/java/org/springframework/core/type/AbstractAnnotationMetadataTests.java,EXTRACT_CLASS,spring-core/src/test/java/org/springframework/core/type/AbstractAnnotationMetadataTests.java; spring-core/src/test/java/org/springframework/core/type/AbstractAnnotationMetadataTests.java
spring-framework,fb423d66e37451485d2e883dc9d3a38303837e15,spring-core/src/test/java/org/springframework/core/type/AbstractAnnotationMetadataTests.java,EXTRACT_CLASS,spring-core/src/test/java/org/springframework/core/type/AbstractAnnotationMetadataTests.java; spring-core/src/test/java/org/springframework/core/type/AbstractAnnotationMetadataTests.java
spring-framework,fb423d66e37451485d2e883dc9d3a38303837e15,spring-core/src/test/java/org/springframework/core/type/AbstractAnnotationMetadataTests.java,MOVE_OPERATION,spring-core/src/test/java/org/springframework/core/type/AbstractAnnotationMetadataTests.java
spring-framework,fb423d66e37451485d2e883dc9d3a38303837e15,spring-core/src/test/java/org/springframework/core/type/AbstractAnnotationMetadataTests.java,MOVE_OPERATION,spring-core/src/test/java/org/springframework/core/type/AbstractAnnotationMetadataTests.java
spring-framework,fb423d66e37451485d2e883dc9d3a38303837e15,spring-core/src/test/java/org/springframework/core/type/AbstractAnnotationMetadataTests.java,MOVE_OPERATION,spring-core/src/test/java/org/springframework/core/type/AbstractAnnotationMetadataTests.java
spring-framework,fb423d66e37451485d2e883dc9d3a38303837e15,spring-core/src/test/java/org/springframework/core/type/AbstractAnnotationMetadataTests.java,MOVE_OPERATION,spring-core/src/test/java/org/springframework/core/type/AbstractAnnotationMetadataTests.java
spring-framework,fb423d66e37451485d2e883dc9d3a38303837e15,spring-core/src/test/java/org/springframework/core/type/AbstractAnnotationMetadataTests.java,MOVE_OPERATION,spring-core/src/test/java/org/springframework/core/type/AbstractAnnotationMetadataTests.java
spring-framework,fb423d66e37451485d2e883dc9d3a38303837e15,spring-core/src/test/java/org/springframework/core/type/AbstractAnnotationMetadataTests.java,MOVE_OPERATION,spring-core/src/test/java/org/springframework/core/type/AbstractAnnotationMetadataTests.java
spring-framework,fb423d66e37451485d2e883dc9d3a38303837e15,spring-core/src/test/java/org/springframework/core/type/AbstractAnnotationMetadataTests.java,MOVE_OPERATION,spring-core/src/test/java/org/springframework/core/type/AbstractAnnotationMetadataTests.java
spring-framework,fb423d66e37451485d2e883dc9d3a38303837e15,spring-core/src/test/java/org/springframework/core/type/AbstractAnnotationMetadataTests.java,MOVE_OPERATION,spring-core/src/test/java/org/springframework/core/type/AbstractAnnotationMetadataTests.java
spring-framework,fb423d66e37451485d2e883dc9d3a38303837e15,spring-core/src/test/java/org/springframework/core/type/AbstractAnnotationMetadataTests.java,MOVE_OPERATION,spring-core/src/test/java/org/springframework/core/type/AbstractAnnotationMetadataTests.java
spring-framework,fb423d66e37451485d2e883dc9d3a38303837e15,spring-core/src/test/java/org/springframework/core/type/AbstractAnnotationMetadataTests.java,MOVE_OPERATION,spring-core/src/test/java/org/springframework/core/type/AbstractAnnotationMetadataTests.java
spring-framework,fb423d66e37451485d2e883dc9d3a38303837e15,spring-core/src/test/java/org/springframework/core/type/AbstractAnnotationMetadataTests.java,MOVE_OPERATION,spring-core/src/test/java/org/springframework/core/type/AbstractAnnotationMetadataTests.java
spring-framework,fb423d66e37451485d2e883dc9d3a38303837e15,spring-core/src/test/java/org/springframework/core/type/AbstractAnnotationMetadataTests.java,MOVE_OPERATION,spring-core/src/test/java/org/springframework/core/type/AbstractAnnotationMetadataTests.java
spring-framework,fb423d66e37451485d2e883dc9d3a38303837e15,spring-core/src/test/java/org/springframework/core/type/AbstractAnnotationMetadataTests.java,MOVE_OPERATION,spring-core/src/test/java/org/springframework/core/type/AbstractAnnotationMetadataTests.java
spring-framework,fb423d66e37451485d2e883dc9d3a38303837e15,spring-core/src/test/java/org/springframework/core/type/AbstractAnnotationMetadataTests.java,MOVE_OPERATION,spring-core/src/test/java/org/springframework/core/type/AbstractAnnotationMetadataTests.java
spring-framework,fb423d66e37451485d2e883dc9d3a38303837e15,spring-core/src/test/java/org/springframework/core/type/AbstractAnnotationMetadataTests.java,MOVE_OPERATION,spring-core/src/test/java/org/springframework/core/type/AbstractAnnotationMetadataTests.java
spring-framework,fb423d66e37451485d2e883dc9d3a38303837e15,spring-core/src/test/java/org/springframework/core/type/AbstractAnnotationMetadataTests.java,MOVE_OPERATION,spring-core/src/test/java/org/springframework/core/type/AbstractAnnotationMetadataTests.java
spring-framework,fb423d66e37451485d2e883dc9d3a38303837e15,spring-core/src/test/java/org/springframework/core/type/AbstractAnnotationMetadataTests.java,MOVE_OPERATION,spring-core/src/test/java/org/springframework/core/type/AbstractAnnotationMetadataTests.java
spring-framework,fb423d66e37451485d2e883dc9d3a38303837e15,spring-core/src/test/java/org/springframework/core/type/AbstractAnnotationMetadataTests.java,MOVE_OPERATION,spring-core/src/test/java/org/springframework/core/type/AbstractAnnotationMetadataTests.java
spring-framework,fb423d66e37451485d2e883dc9d3a38303837e15,spring-core/src/test/java/org/springframework/core/type/AbstractAnnotationMetadataTests.java,MOVE_OPERATION,spring-core/src/test/java/org/springframework/core/type/AbstractAnnotationMetadataTests.java
spring-framework,fb423d66e37451485d2e883dc9d3a38303837e15,spring-core/src/test/java/org/springframework/core/type/AbstractAnnotationMetadataTests.java,MOVE_OPERATION,spring-core/src/test/java/org/springframework/core/type/AbstractAnnotationMetadataTests.java
spring-framework,fb423d66e37451485d2e883dc9d3a38303837e15,spring-core/src/test/java/org/springframework/core/type/AbstractAnnotationMetadataTests.java,MOVE_OPERATION,spring-core/src/test/java/org/springframework/core/type/AbstractAnnotationMetadataTests.java
spring-framework,fb423d66e37451485d2e883dc9d3a38303837e15,spring-core/src/test/java/org/springframework/core/type/AbstractAnnotationMetadataTests.java,MOVE_OPERATION,spring-core/src/test/java/org/springframework/core/type/AbstractAnnotationMetadataTests.java
spring-framework,fb423d66e37451485d2e883dc9d3a38303837e15,spring-core/src/test/java/org/springframework/core/type/AbstractAnnotationMetadataTests.java,MOVE_OPERATION,spring-core/src/test/java/org/springframework/core/type/AbstractAnnotationMetadataTests.java
spring-framework,fb423d66e37451485d2e883dc9d3a38303837e15,spring-core/src/test/java/org/springframework/core/type/AbstractAnnotationMetadataTests.java,MOVE_OPERATION,spring-core/src/test/java/org/springframework/core/type/AbstractAnnotationMetadataTests.java
spring-framework,fb423d66e37451485d2e883dc9d3a38303837e15,spring-core/src/test/java/org/springframework/core/type/AbstractAnnotationMetadataTests.java,MOVE_OPERATION,spring-core/src/test/java/org/springframework/core/type/AbstractAnnotationMetadataTests.java
spring-framework,fb423d66e37451485d2e883dc9d3a38303837e15,spring-core/src/test/java/org/springframework/core/type/AbstractAnnotationMetadataTests.java,MOVE_OPERATION,spring-core/src/test/java/org/springframework/core/type/AbstractAnnotationMetadataTests.java
spring-framework,fb423d66e37451485d2e883dc9d3a38303837e15,spring-core/src/test/java/org/springframework/core/type/AbstractAnnotationMetadataTests.java,MOVE_OPERATION,spring-core/src/test/java/org/springframework/core/type/AbstractAnnotationMetadataTests.java
spring-framework,fb423d66e37451485d2e883dc9d3a38303837e15,spring-core/src/test/java/org/springframework/core/type/AbstractAnnotationMetadataTests.java,MOVE_OPERATION,spring-core/src/test/java/org/springframework/core/type/AbstractAnnotationMetadataTests.java
spring-framework,fb423d66e37451485d2e883dc9d3a38303837e15,spring-core/src/test/java/org/springframework/core/type/AbstractAnnotationMetadataTests.java,MOVE_OPERATION,spring-core/src/test/java/org/springframework/core/type/AbstractAnnotationMetadataTests.java
spring-framework,fb423d66e37451485d2e883dc9d3a38303837e15,spring-core/src/test/java/org/springframework/core/type/AbstractAnnotationMetadataTests.java,MOVE_OPERATION,spring-core/src/test/java/org/springframework/core/type/AbstractAnnotationMetadataTests.java
spring-framework,fb423d66e37451485d2e883dc9d3a38303837e15,spring-core/src/test/java/org/springframework/core/type/AbstractAnnotationMetadataTests.java,MOVE_OPERATION,spring-core/src/test/java/org/springframework/core/type/AbstractAnnotationMetadataTests.java
spring-framework,fb423d66e37451485d2e883dc9d3a38303837e15,spring-core/src/test/java/org/springframework/core/type/AbstractAnnotationMetadataTests.java,MOVE_OPERATION,spring-core/src/test/java/org/springframework/core/type/AbstractAnnotationMetadataTests.java
spring-framework,fb423d66e37451485d2e883dc9d3a38303837e15,spring-core/src/test/java/org/springframework/core/type/AbstractAnnotationMetadataTests.java,MOVE_OPERATION,spring-core/src/test/java/org/springframework/core/type/AbstractAnnotationMetadataTests.java
spring-framework,fb423d66e37451485d2e883dc9d3a38303837e15,spring-core/src/test/java/org/springframework/core/type/AbstractAnnotationMetadataTests.java,MOVE_OPERATION,spring-core/src/test/java/org/springframework/core/type/AbstractAnnotationMetadataTests.java
spring-framework,fb423d66e37451485d2e883dc9d3a38303837e15,spring-core/src/test/java/org/springframework/core/type/AbstractAnnotationMetadataTests.java,MOVE_OPERATION,spring-core/src/test/java/org/springframework/core/type/AbstractAnnotationMetadataTests.java
spring-framework,274a689a10f35bd7d1310399bb815e9f3d00c26d,spring-core/src/main/java/org/springframework/core/annotation/RepeatableContainers.java,EXTRACT_OPERATION,spring-core/src/main/java/org/springframework/core/annotation/RepeatableContainers.java
spring-framework,274a689a10f35bd7d1310399bb815e9f3d00c26d,spring-core/src/main/java/org/springframework/core/annotation/RepeatableContainers.java,EXTRACT_OPERATION,spring-core/src/main/java/org/springframework/core/annotation/RepeatableContainers.java
spring-framework,8819c749ce804e9d21badd9e1ee2077f59b654d7,spring-jdbc/src/main/java/org/springframework/jdbc/object/SqlQuery.java,EXTRACT_OPERATION,spring-jdbc/src/main/java/org/springframework/jdbc/object/SqlQuery.java
spring-framework,d8f8e767917954650439bb514e57c42967bde7c2,spring-orm/src/main/java/org/springframework/orm/jpa/vendor/HibernateJpaDialect.java,EXTRACT_OPERATION,spring-orm/src/main/java/org/springframework/orm/jpa/vendor/HibernateJpaDialect.java
spring-framework,ad949a7450bb3887d940754deb2b013b584bc8d4,spring-beans/src/main/java/org/springframework/beans/factory/ObjectProvider.java,EXTRACT_OPERATION,spring-beans/src/main/java/org/springframework/beans/factory/ObjectProvider.java
spring-framework,ad949a7450bb3887d940754deb2b013b584bc8d4,spring-beans/src/main/java/org/springframework/beans/factory/ObjectProvider.java,EXTRACT_OPERATION,spring-beans/src/main/java/org/springframework/beans/factory/ObjectProvider.java
spring-framework,8ee09e57661d9ea95bcc64fc933b46cdf3b3feb9,spring-web/src/main/java/org/springframework/http/ContentDisposition.java,EXTRACT_OPERATION,spring-web/src/main/java/org/springframework/http/ContentDisposition.java
spring-framework,8ee09e57661d9ea95bcc64fc933b46cdf3b3feb9,spring-web/src/main/java/org/springframework/http/ContentDisposition.java,EXTRACT_OPERATION,spring-web/src/main/java/org/springframework/http/ContentDisposition.java
spring-framework,8ee09e57661d9ea95bcc64fc933b46cdf3b3feb9,spring-web/src/main/java/org/springframework/http/ContentDisposition.java,EXTRACT_OPERATION,spring-web/src/main/java/org/springframework/http/ContentDisposition.java
spring-framework,911cdb2ad003f7ed74c4c91ab1a3542f8a218bd8,spring-beans/src/main/java/org/springframework/beans/factory/support/SimpleAutowireCandidateResolver.java,EXTRACT_OPERATION,spring-beans/src/main/java/org/springframework/beans/factory/support/SimpleAutowireCandidateResolver.java
spring-framework,68fce29ae9ec8c1d8662b55c64b8af64fbfc450a,spring-expression/src/main/java/org/springframework/expression/spel/ast/MethodReference.java,EXTRACT_OPERATION,spring-expression/src/main/java/org/springframework/expression/spel/ast/MethodReference.java
spring-framework,68fce29ae9ec8c1d8662b55c64b8af64fbfc450a,spring-expression/src/main/java/org/springframework/expression/spel/ast/MethodReference.java,EXTRACT_OPERATION,spring-expression/src/main/java/org/springframework/expression/spel/ast/MethodReference.java
spring-framework,f92f9c1d5b04aefb467355576e63cc2cc6d78d92,spring-webmvc/src/main/java/org/springframework/web/servlet/mvc/method/annotation/ResponseBodyEmitter.java,EXTRACT_OPERATION,spring-webmvc/src/main/java/org/springframework/web/servlet/mvc/method/annotation/ResponseBodyEmitter.java
spring-framework,f92f9c1d5b04aefb467355576e63cc2cc6d78d92,spring-webmvc/src/main/java/org/springframework/web/servlet/mvc/method/annotation/ResponseBodyEmitter.java,EXTRACT_OPERATION,spring-webmvc/src/main/java/org/springframework/web/servlet/mvc/method/annotation/ResponseBodyEmitter.java
spring-framework,75329e6d9d93180d9edceb81838b0d96a145d665,spring-test/src/test/java/org/springframework/mock/web/MockHttpServletResponseTests.java,EXTRACT_CLASS,spring-test/src/test/java/org/springframework/mock/web/MockHttpServletResponseTests.java; spring-test/src/test/java/org/springframework/mock/web/MockHttpServletResponseTests.java
spring-framework,75329e6d9d93180d9edceb81838b0d96a145d665,spring-test/src/test/java/org/springframework/mock/web/MockHttpServletResponseTests.java,EXTRACT_CLASS,spring-test/src/test/java/org/springframework/mock/web/MockHttpServletResponseTests.java; spring-test/src/test/java/org/springframework/mock/web/MockHttpServletResponseTests.java
spring-framework,75329e6d9d93180d9edceb81838b0d96a145d665,spring-test/src/test/java/org/springframework/mock/web/MockHttpServletResponseTests.java,EXTRACT_CLASS,spring-test/src/test/java/org/springframework/mock/web/MockHttpServletResponseTests.java; spring-test/src/test/java/org/springframework/mock/web/MockHttpServletResponseTests.java
spring-framework,75329e6d9d93180d9edceb81838b0d96a145d665,spring-test/src/test/java/org/springframework/mock/web/MockHttpServletResponseTests.java,EXTRACT_CLASS,spring-test/src/test/java/org/springframework/mock/web/MockHttpServletResponseTests.java; spring-test/src/test/java/org/springframework/mock/web/MockHttpServletResponseTests.java
spring-framework,75329e6d9d93180d9edceb81838b0d96a145d665,spring-test/src/test/java/org/springframework/mock/web/MockHttpServletResponseTests.java,EXTRACT_CLASS,spring-test/src/test/java/org/springframework/mock/web/MockHttpServletResponseTests.java; spring-test/src/test/java/org/springframework/mock/web/MockHttpServletResponseTests.java
spring-framework,75329e6d9d93180d9edceb81838b0d96a145d665,spring-test/src/test/java/org/springframework/mock/web/MockHttpServletResponseTests.java,MOVE_OPERATION,spring-test/src/test/java/org/springframework/mock/web/MockHttpServletResponseTests.java
spring-framework,75329e6d9d93180d9edceb81838b0d96a145d665,spring-test/src/test/java/org/springframework/mock/web/MockHttpServletResponseTests.java,MOVE_OPERATION,spring-test/src/test/java/org/springframework/mock/web/MockHttpServletResponseTests.java
spring-framework,75329e6d9d93180d9edceb81838b0d96a145d665,spring-test/src/test/java/org/springframework/mock/web/MockHttpServletResponseTests.java,MOVE_OPERATION,spring-test/src/test/java/org/springframework/mock/web/MockHttpServletResponseTests.java
spring-framework,75329e6d9d93180d9edceb81838b0d96a145d665,spring-test/src/test/java/org/springframework/mock/web/MockHttpServletResponseTests.java,MOVE_OPERATION,spring-test/src/test/java/org/springframework/mock/web/MockHttpServletResponseTests.java
spring-framework,75329e6d9d93180d9edceb81838b0d96a145d665,spring-test/src/test/java/org/springframework/mock/web/MockHttpServletResponseTests.java,MOVE_OPERATION,spring-test/src/test/java/org/springframework/mock/web/MockHttpServletResponseTests.java
spring-framework,75329e6d9d93180d9edceb81838b0d96a145d665,spring-test/src/test/java/org/springframework/mock/web/MockHttpServletResponseTests.java,MOVE_OPERATION,spring-test/src/test/java/org/springframework/mock/web/MockHttpServletResponseTests.java
spring-framework,75329e6d9d93180d9edceb81838b0d96a145d665,spring-test/src/test/java/org/springframework/mock/web/MockHttpServletResponseTests.java,MOVE_OPERATION,spring-test/src/test/java/org/springframework/mock/web/MockHttpServletResponseTests.java
spring-framework,75329e6d9d93180d9edceb81838b0d96a145d665,spring-test/src/test/java/org/springframework/mock/web/MockHttpServletResponseTests.java,MOVE_OPERATION,spring-test/src/test/java/org/springframework/mock/web/MockHttpServletResponseTests.java
spring-framework,75329e6d9d93180d9edceb81838b0d96a145d665,spring-test/src/test/java/org/springframework/mock/web/MockHttpServletResponseTests.java,MOVE_OPERATION,spring-test/src/test/java/org/springframework/mock/web/MockHttpServletResponseTests.java
spring-framework,75329e6d9d93180d9edceb81838b0d96a145d665,spring-test/src/test/java/org/springframework/mock/web/MockHttpServletResponseTests.java,MOVE_OPERATION,spring-test/src/test/java/org/springframework/mock/web/MockHttpServletResponseTests.java
spring-framework,75329e6d9d93180d9edceb81838b0d96a145d665,spring-test/src/test/java/org/springframework/mock/web/MockHttpServletResponseTests.java,MOVE_OPERATION,spring-test/src/test/java/org/springframework/mock/web/MockHttpServletResponseTests.java
spring-framework,75329e6d9d93180d9edceb81838b0d96a145d665,spring-test/src/test/java/org/springframework/mock/web/MockHttpServletResponseTests.java,MOVE_OPERATION,spring-test/src/test/java/org/springframework/mock/web/MockHttpServletResponseTests.java
spring-framework,75329e6d9d93180d9edceb81838b0d96a145d665,spring-test/src/test/java/org/springframework/mock/web/MockHttpServletResponseTests.java,MOVE_OPERATION,spring-test/src/test/java/org/springframework/mock/web/MockHttpServletResponseTests.java
spring-framework,75329e6d9d93180d9edceb81838b0d96a145d665,spring-test/src/test/java/org/springframework/mock/web/MockHttpServletResponseTests.java,MOVE_OPERATION,spring-test/src/test/java/org/springframework/mock/web/MockHttpServletResponseTests.java
spring-framework,75329e6d9d93180d9edceb81838b0d96a145d665,spring-test/src/test/java/org/springframework/mock/web/MockHttpServletResponseTests.java,MOVE_OPERATION,spring-test/src/test/java/org/springframework/mock/web/MockHttpServletResponseTests.java
spring-framework,75329e6d9d93180d9edceb81838b0d96a145d665,spring-test/src/test/java/org/springframework/mock/web/MockHttpServletResponseTests.java,MOVE_OPERATION,spring-test/src/test/java/org/springframework/mock/web/MockHttpServletResponseTests.java
spring-framework,75329e6d9d93180d9edceb81838b0d96a145d665,spring-test/src/test/java/org/springframework/mock/web/MockHttpServletResponseTests.java,MOVE_OPERATION,spring-test/src/test/java/org/springframework/mock/web/MockHttpServletResponseTests.java
spring-framework,75329e6d9d93180d9edceb81838b0d96a145d665,spring-test/src/test/java/org/springframework/mock/web/MockHttpServletResponseTests.java,MOVE_OPERATION,spring-test/src/test/java/org/springframework/mock/web/MockHttpServletResponseTests.java
spring-framework,75329e6d9d93180d9edceb81838b0d96a145d665,spring-test/src/test/java/org/springframework/mock/web/MockHttpServletResponseTests.java,MOVE_OPERATION,spring-test/src/test/java/org/springframework/mock/web/MockHttpServletResponseTests.java
spring-framework,75329e6d9d93180d9edceb81838b0d96a145d665,spring-test/src/test/java/org/springframework/mock/web/MockHttpServletResponseTests.java,MOVE_OPERATION,spring-test/src/test/java/org/springframework/mock/web/MockHttpServletResponseTests.java
spring-framework,75329e6d9d93180d9edceb81838b0d96a145d665,spring-test/src/test/java/org/springframework/mock/web/MockHttpServletResponseTests.java,MOVE_OPERATION,spring-test/src/test/java/org/springframework/mock/web/MockHttpServletResponseTests.java
spring-framework,75329e6d9d93180d9edceb81838b0d96a145d665,spring-test/src/test/java/org/springframework/mock/web/MockHttpServletResponseTests.java,MOVE_OPERATION,spring-test/src/test/java/org/springframework/mock/web/MockHttpServletResponseTests.java
spring-framework,75329e6d9d93180d9edceb81838b0d96a145d665,spring-test/src/test/java/org/springframework/mock/web/MockHttpServletResponseTests.java,MOVE_OPERATION,spring-test/src/test/java/org/springframework/mock/web/MockHttpServletResponseTests.java
spring-framework,75329e6d9d93180d9edceb81838b0d96a145d665,spring-test/src/test/java/org/springframework/mock/web/MockHttpServletResponseTests.java,MOVE_OPERATION,spring-test/src/test/java/org/springframework/mock/web/MockHttpServletResponseTests.java
spring-framework,75329e6d9d93180d9edceb81838b0d96a145d665,spring-test/src/test/java/org/springframework/mock/web/MockHttpServletResponseTests.java,MOVE_OPERATION,spring-test/src/test/java/org/springframework/mock/web/MockHttpServletResponseTests.java
spring-framework,75329e6d9d93180d9edceb81838b0d96a145d665,spring-test/src/test/java/org/springframework/mock/web/MockHttpServletResponseTests.java,MOVE_OPERATION,spring-test/src/test/java/org/springframework/mock/web/MockHttpServletResponseTests.java
spring-framework,75329e6d9d93180d9edceb81838b0d96a145d665,spring-test/src/test/java/org/springframework/mock/web/MockHttpServletResponseTests.java,MOVE_OPERATION,spring-test/src/test/java/org/springframework/mock/web/MockHttpServletResponseTests.java
spring-framework,75329e6d9d93180d9edceb81838b0d96a145d665,spring-test/src/test/java/org/springframework/mock/web/MockHttpServletResponseTests.java,MOVE_OPERATION,spring-test/src/test/java/org/springframework/mock/web/MockHttpServletResponseTests.java
spring-framework,75329e6d9d93180d9edceb81838b0d96a145d665,spring-test/src/test/java/org/springframework/mock/web/MockHttpServletResponseTests.java,MOVE_OPERATION,spring-test/src/test/java/org/springframework/mock/web/MockHttpServletResponseTests.java
spring-framework,75329e6d9d93180d9edceb81838b0d96a145d665,spring-test/src/test/java/org/springframework/mock/web/MockHttpServletResponseTests.java,MOVE_OPERATION,spring-test/src/test/java/org/springframework/mock/web/MockHttpServletResponseTests.java
spring-framework,75329e6d9d93180d9edceb81838b0d96a145d665,spring-test/src/test/java/org/springframework/mock/web/MockHttpServletResponseTests.java,MOVE_OPERATION,spring-test/src/test/java/org/springframework/mock/web/MockHttpServletResponseTests.java
spring-framework,75329e6d9d93180d9edceb81838b0d96a145d665,spring-test/src/test/java/org/springframework/mock/web/MockHttpServletResponseTests.java,MOVE_OPERATION,spring-test/src/test/java/org/springframework/mock/web/MockHttpServletResponseTests.java
spring-framework,75329e6d9d93180d9edceb81838b0d96a145d665,spring-test/src/test/java/org/springframework/mock/web/MockHttpServletResponseTests.java,MOVE_OPERATION,spring-test/src/test/java/org/springframework/mock/web/MockHttpServletResponseTests.java
spring-framework,75329e6d9d93180d9edceb81838b0d96a145d665,spring-test/src/test/java/org/springframework/mock/web/MockHttpServletResponseTests.java,MOVE_OPERATION,spring-test/src/test/java/org/springframework/mock/web/MockHttpServletResponseTests.java
spring-framework,75329e6d9d93180d9edceb81838b0d96a145d665,spring-test/src/test/java/org/springframework/mock/web/MockHttpServletResponseTests.java,MOVE_OPERATION,spring-test/src/test/java/org/springframework/mock/web/MockHttpServletResponseTests.java
spring-framework,75329e6d9d93180d9edceb81838b0d96a145d665,spring-test/src/test/java/org/springframework/mock/web/MockHttpServletResponseTests.java,MOVE_OPERATION,spring-test/src/test/java/org/springframework/mock/web/MockHttpServletResponseTests.java
spring-framework,75329e6d9d93180d9edceb81838b0d96a145d665,spring-test/src/test/java/org/springframework/mock/web/MockHttpServletResponseTests.java,MOVE_OPERATION,spring-test/src/test/java/org/springframework/mock/web/MockHttpServletResponseTests.java
spring-framework,75329e6d9d93180d9edceb81838b0d96a145d665,spring-test/src/test/java/org/springframework/mock/web/MockHttpServletResponseTests.java,MOVE_OPERATION,spring-test/src/test/java/org/springframework/mock/web/MockHttpServletResponseTests.java
spring-framework,75329e6d9d93180d9edceb81838b0d96a145d665,spring-test/src/test/java/org/springframework/mock/web/MockHttpServletResponseTests.java,MOVE_OPERATION,spring-test/src/test/java/org/springframework/mock/web/MockHttpServletResponseTests.java
spring-framework,75329e6d9d93180d9edceb81838b0d96a145d665,spring-test/src/test/java/org/springframework/mock/web/MockHttpServletResponseTests.java,MOVE_OPERATION,spring-test/src/test/java/org/springframework/mock/web/MockHttpServletResponseTests.java
spring-framework,e31ce359a17a1e55cacad6f4da16670bd6a7817e,spring-test/src/test/java/org/springframework/test/context/bean/override/mockito/mockbeans/MockitoBeansByTypeIntegrationTests.java,EXTRACT_INTERFACE,spring-test/src/test/java/org/springframework/test/context/bean/override/mockito/typelevel/MockitoBeansByTypeIntegrationTests.java; spring-test/src/test/java/org/springframework/test/context/bean/override/mockito/typelevel/MockTestInterface08.java
spring-framework,e31ce359a17a1e55cacad6f4da16670bd6a7817e,spring-test/src/test/java/org/springframework/test/context/bean/override/mockito/mockbeans/MockitoBeansByTypeIntegrationTests.java,EXTRACT_INTERFACE,spring-test/src/test/java/org/springframework/test/context/bean/override/mockito/typelevel/MockitoBeansByTypeIntegrationTests.java; spring-test/src/test/java/org/springframework/test/context/bean/override/mockito/typelevel/MockTestInterface11.java
spring-framework,e31ce359a17a1e55cacad6f4da16670bd6a7817e,spring-test/src/test/java/org/springframework/test/context/bean/override/mockito/MockitoBeanOverrideProcessorTests.java,EXTRACT_CLASS,spring-test/src/test/java/org/springframework/test/context/bean/override/mockito/MockitoBeanOverrideProcessorTests.java; spring-test/src/test/java/org/springframework/test/context/bean/override/mockito/MockitoBeanOverrideProcessorTests.java
spring-framework,e31ce359a17a1e55cacad6f4da16670bd6a7817e,spring-test/src/test/java/org/springframework/test/context/bean/override/mockito/MockitoBeanOverrideProcessorTests.java,MOVE_OPERATION,spring-test/src/test/java/org/springframework/test/context/bean/override/mockito/MockitoBeanOverrideProcessorTests.java
spring-framework,e31ce359a17a1e55cacad6f4da16670bd6a7817e,spring-test/src/test/java/org/springframework/test/context/bean/override/mockito/MockitoBeanOverrideProcessorTests.java,MOVE_OPERATION,spring-test/src/test/java/org/springframework/test/context/bean/override/mockito/MockitoBeanOverrideProcessorTests.java
spring-framework,e31ce359a17a1e55cacad6f4da16670bd6a7817e,spring-test/src/test/java/org/springframework/test/context/bean/override/mockito/MockitoBeanOverrideProcessorTests.java,MOVE_OPERATION,spring-test/src/test/java/org/springframework/test/context/bean/override/mockito/MockitoBeanOverrideProcessorTests.java
spring-framework,e31ce359a17a1e55cacad6f4da16670bd6a7817e,spring-test/src/test/java/org/springframework/test/context/bean/override/mockito/MockitoBeanOverrideProcessorTests.java,MOVE_OPERATION,spring-test/src/test/java/org/springframework/test/context/bean/override/mockito/MockitoBeanOverrideProcessorTests.java
spring-framework,1fd6ded7a01395a3c4a52112a92fcc44f3bb9c29,spring-web/src/main/java/org/springframework/http/client/reactive/JdkClientHttpConnector.java,EXTRACT_OPERATION,spring-web/src/main/java/org/springframework/http/client/reactive/JdkClientHttpConnector.java
spring-framework,1fd6ded7a01395a3c4a52112a92fcc44f3bb9c29,spring-web/src/main/java/org/springframework/http/client/reactive/JettyClientHttpConnector.java,EXTRACT_OPERATION,spring-web/src/main/java/org/springframework/http/client/reactive/JettyClientHttpConnector.java
spring-framework,ba74de997a9d9bbf6cad93b25c5b8290ff218f64,spring-web/src/main/java/org/springframework/http/client/reactive/JdkClientHttpResponse.java,MOVE_OPERATION,spring-web/src/main/java/org/springframework/http/support/DefaultHttpCookieParser.java
spring-framework,ace2f0a3e51c050ffd55d5177d74c64db08b5bbb,spring-beans/src/main/java/org/springframework/beans/factory/support/SimpleAutowireCandidateResolver.java,MOVE_OPERATION,spring-beans/src/main/java/org/springframework/beans/factory/support/AutowireUtils.java
spring-framework,9107f7b5928ea46cfcd2ff16f3df6bfe464ff653,spring-test/src/main/java/org/springframework/test/context/bean/override/BeanOverrideBeanFactoryPostProcessor.java,EXTRACT_OPERATION,spring-test/src/main/java/org/springframework/test/context/bean/override/BeanOverrideBeanFactoryPostProcessor.java
spring-framework,9107f7b5928ea46cfcd2ff16f3df6bfe464ff653,spring-test/src/main/java/org/springframework/test/context/bean/override/BeanOverrideBeanFactoryPostProcessor.java,EXTRACT_OPERATION,spring-test/src/main/java/org/springframework/test/context/bean/override/BeanOverrideBeanFactoryPostProcessor.java
spring-framework,1d7cb4fc134f91e97c23529ae18bd22761daf77c,spring-web/src/main/java/org/springframework/web/util/ServletRequestPathUtils.java,MOVE_OPERATION,spring-web/src/main/java/org/springframework/web/util/ServletRequestPathUtils.java
spring-framework,462c2bd538fea02d56ed6d931866f82feea860d7,spring-context/src/main/java/org/springframework/validation/DataBinder.java,EXTRACT_OPERATION,spring-context/src/main/java/org/springframework/validation/DataBinder.java
spring-framework,68c1e2ac925f0633ef9357ec08d4c09558ac5e65,spring-beans/src/main/java/org/springframework/beans/AbstractNestablePropertyAccessor.java,EXTRACT_OPERATION,spring-beans/src/main/java/org/springframework/beans/AbstractNestablePropertyAccessor.java
spring-framework,fb6e86551a46d2f02b12d613048604d895588860,spring-aop/src/test/java/org/springframework/aop/aspectj/AbstractAspectJAdviceTests.java,EXTRACT_CLASS,spring-aop/src/test/java/org/springframework/aop/aspectj/AbstractAspectJAdviceTests.java; spring-aop/src/test/java/org/springframework/aop/aspectj/AbstractAspectJAdviceTests.java
spring-framework,fb6e86551a46d2f02b12d613048604d895588860,spring-aop/src/test/java/org/springframework/aop/aspectj/AbstractAspectJAdviceTests.java,MOVE_OPERATION,spring-aop/src/test/java/org/springframework/aop/aspectj/AbstractAspectJAdviceTests.java
spring-framework,fb6e86551a46d2f02b12d613048604d895588860,spring-aop/src/test/java/org/springframework/aop/aspectj/AbstractAspectJAdviceTests.java,MOVE_OPERATION,spring-aop/src/test/java/org/springframework/aop/aspectj/AbstractAspectJAdviceTests.java
spring-framework,fb6e86551a46d2f02b12d613048604d895588860,spring-aop/src/test/java/org/springframework/aop/aspectj/AbstractAspectJAdviceTests.java,MOVE_OPERATION,spring-aop/src/test/java/org/springframework/aop/aspectj/AbstractAspectJAdviceTests.java
spring-framework,fb6e86551a46d2f02b12d613048604d895588860,spring-aop/src/test/java/org/springframework/aop/aspectj/AbstractAspectJAdviceTests.java,MOVE_OPERATION,spring-aop/src/test/java/org/springframework/aop/aspectj/AbstractAspectJAdviceTests.java
spring-framework,fb6e86551a46d2f02b12d613048604d895588860,spring-aop/src/test/java/org/springframework/aop/aspectj/AbstractAspectJAdviceTests.java,MOVE_OPERATION,spring-aop/src/test/java/org/springframework/aop/aspectj/AbstractAspectJAdviceTests.java
spring-framework,cda7e9864393819095541498b4e58ac0d482bbe4,spring-beans/src/main/java/org/springframework/beans/factory/support/AbstractBeanFactory.java,EXTRACT_OPERATION,spring-beans/src/main/java/org/springframework/beans/factory/support/AbstractBeanFactory.java
spring-framework,1cc767e90b3068a888aeed17a18daf1d5aa1fdff,spring-webmvc/src/main/java/org/springframework/web/servlet/mvc/method/annotation/ExtendedServletRequestDataBinder.java,EXTRACT_OPERATION,spring-webmvc/src/main/java/org/springframework/web/servlet/mvc/method/annotation/ExtendedServletRequestDataBinder.java
spring-framework,f85752a95636dc756bcf99abac16044144346a52,spring-core/src/main/java/org/springframework/aot/hint/predicate/ReflectionHintsPredicates.java,EXTRACT_OPERATION,spring-core/src/main/java/org/springframework/aot/hint/predicate/ReflectionHintsPredicates.java
spring-framework,f85752a95636dc756bcf99abac16044144346a52,spring-core/src/main/java/org/springframework/aot/hint/predicate/ReflectionHintsPredicates.java,EXTRACT_OPERATION,spring-core/src/main/java/org/springframework/aot/hint/predicate/ReflectionHintsPredicates.java
spring-framework,9181cce65f17ad2c41861444d0c8417adecf36a1,spring-test/src/main/java/org/springframework/test/context/bean/override/BeanOverrideHandler.java,EXTRACT_OPERATION,spring-test/src/main/java/org/springframework/test/context/bean/override/BeanOverrideHandler.java
spring-framework,9181cce65f17ad2c41861444d0c8417adecf36a1,spring-test/src/test/java/org/springframework/test/context/bean/override/mockito/MockitoBeanOverrideProcessorTests.java,EXTRACT_CLASS,spring-test/src/test/java/org/springframework/test/context/bean/override/mockito/MockitoBeanOverrideProcessorTests.java; spring-test/src/test/java/org/springframework/test/context/bean/override/mockito/MockitoBeanOverrideProcessorTests.java
spring-framework,9181cce65f17ad2c41861444d0c8417adecf36a1,spring-test/src/test/java/org/springframework/test/context/bean/override/mockito/MockitoBeanOverrideProcessorTests.java,MOVE_OPERATION,spring-test/src/test/java/org/springframework/test/context/bean/override/mockito/MockitoBeanOverrideProcessorTests.java
spring-framework,9181cce65f17ad2c41861444d0c8417adecf36a1,spring-test/src/test/java/org/springframework/test/context/bean/override/mockito/MockitoBeanOverrideProcessorTests.java,MOVE_OPERATION,spring-test/src/test/java/org/springframework/test/context/bean/override/mockito/MockitoBeanOverrideProcessorTests.java
spring-framework,9181cce65f17ad2c41861444d0c8417adecf36a1,spring-test/src/test/java/org/springframework/test/context/bean/override/mockito/MockitoBeanOverrideProcessorTests.java,MOVE_OPERATION,spring-test/src/test/java/org/springframework/test/context/bean/override/mockito/MockitoBeanOverrideProcessorTests.java
spring-framework,ef4f1f0a71d0d1fa453fc21522b889f6ff6dfc15,spring-test/src/main/java/org/springframework/test/context/bean/override/BeanOverrideHandler.java,EXTRACT_OPERATION,spring-test/src/main/java/org/springframework/test/context/bean/override/BeanOverrideHandler.java
spring-framework,ef4f1f0a71d0d1fa453fc21522b889f6ff6dfc15,spring-test/src/test/java/org/springframework/test/context/bean/override/convention/TestBeanForInheritanceIntegrationTests.java,MOVE_OPERATION,spring-test/src/test/java/org/springframework/test/context/bean/override/convention/TestBeanInheritanceIntegrationTests.java
spring-framework,ef4f1f0a71d0d1fa453fc21522b889f6ff6dfc15,spring-test/src/test/java/org/springframework/test/context/bean/override/convention/TestBeanForInheritanceIntegrationTests.java,MOVE_OPERATION,spring-test/src/test/java/org/springframework/test/context/bean/override/convention/TestBeanInheritanceIntegrationTests.java
spring-framework,ef4f1f0a71d0d1fa453fc21522b889f6ff6dfc15,spring-test/src/test/java/org/springframework/test/context/bean/override/convention/TestBeanForInheritanceIntegrationTests.java,MOVE_OPERATION,spring-test/src/test/java/org/springframework/test/context/bean/override/convention/TestBeanInheritanceIntegrationTests.java
spring-framework,ef4f1f0a71d0d1fa453fc21522b889f6ff6dfc15,spring-test/src/test/java/org/springframework/test/context/bean/override/convention/TestBeanForInheritanceIntegrationTests.java,MOVE_OPERATION,spring-test/src/test/java/org/springframework/test/context/bean/override/convention/TestBeanInheritanceIntegrationTests.java
spring-framework,ef4f1f0a71d0d1fa453fc21522b889f6ff6dfc15,spring-test/src/test/java/org/springframework/test/context/bean/override/convention/TestBeanForInheritanceIntegrationTests.java,MOVE_OPERATION,spring-test/src/test/java/org/springframework/test/context/bean/override/convention/TestBeanInheritanceIntegrationTests.java
spring-framework,0c6f5d7d297108be6592120acfa420a1341f853c,spring-web/src/main/java/org/springframework/web/method/annotation/RequestHeaderMapMethodArgumentResolver.java,EXTRACT_OPERATION,spring-web/src/main/java/org/springframework/web/method/annotation/RequestHeaderMapMethodArgumentResolver.java
spring-framework,0c6f5d7d297108be6592120acfa420a1341f853c,spring-web/src/main/java/org/springframework/http/HttpHeaders.java,EXTRACT_CLASS,spring-web/src/main/java/org/springframework/http/HttpHeaders.java; spring-web/src/main/java/org/springframework/http/HttpHeaders.java
spring-framework,7b4e19c69bc15d3018740d72f962c112cbd1772e,spring-webflux/src/main/java/org/springframework/web/reactive/BindingContext.java,EXTRACT_OPERATION,spring-webflux/src/main/java/org/springframework/web/reactive/BindingContext.java
spring-framework,7b4e19c69bc15d3018740d72f962c112cbd1772e,spring-webflux/src/test/java/org/springframework/web/reactive/BindingContextTests.java,MOVE_OPERATION,spring-webflux/src/test/java/org/springframework/web/reactive/result/method/annotation/InitBinderBindingContextTests.java
spring-framework,7b4e19c69bc15d3018740d72f962c112cbd1772e,spring-webflux/src/test/java/org/springframework/web/reactive/BindingContextTests.java,MOVE_OPERATION,spring-webflux/src/test/java/org/springframework/web/reactive/result/method/annotation/InitBinderBindingContextTests.java
spring-framework,3b95d2c449d82df9f6debc4aa4fcba71177ecb41,spring-webflux/src/main/java/org/springframework/web/reactive/result/view/ViewResolutionResultHandler.java,EXTRACT_OPERATION,spring-webflux/src/main/java/org/springframework/web/reactive/result/view/ViewResolutionResultHandler.java
spring-framework,d45e6ec197103e4ddf1358535a49070712105a2a,spring-webflux/src/main/java/org/springframework/web/reactive/result/view/ViewResolutionResultHandler.java,EXTRACT_OPERATION,spring-webflux/src/main/java/org/springframework/web/reactive/result/view/ViewResolutionResultHandler.java
spring-framework,e618f922c2e2a874f9cdd660e77e0e373b710e63,spring-core/src/main/java/org/springframework/util/PlaceholderParser.java,EXTRACT_CLASS,spring-core/src/main/java/org/springframework/util/PlaceholderParser.java; spring-core/src/main/java/org/springframework/util/PlaceholderParser.java
spring-framework,e618f922c2e2a874f9cdd660e77e0e373b710e63,spring-core/src/main/java/org/springframework/util/PlaceholderParser.java,EXTRACT_CLASS,spring-core/src/main/java/org/springframework/util/PlaceholderParser.java; spring-core/src/main/java/org/springframework/util/PlaceholderParser.java
spring-framework,e618f922c2e2a874f9cdd660e77e0e373b710e63,spring-core/src/main/java/org/springframework/util/PlaceholderParser.java,EXTRACT_CLASS,spring-core/src/main/java/org/springframework/util/PlaceholderParser.java; spring-core/src/main/java/org/springframework/util/PlaceholderParser.java
spring-framework,e618f922c2e2a874f9cdd660e77e0e373b710e63,spring-core/src/main/java/org/springframework/util/PlaceholderParser.java,EXTRACT_CLASS,spring-core/src/main/java/org/springframework/util/PlaceholderParser.java; spring-core/src/main/java/org/springframework/util/PlaceholderParser.java
spring-framework,e618f922c2e2a874f9cdd660e77e0e373b710e63,spring-core/src/main/java/org/springframework/util/PlaceholderParser.java,MOVE_OPERATION,spring-core/src/main/java/org/springframework/util/PlaceholderParser.java
spring-framework,e618f922c2e2a874f9cdd660e77e0e373b710e63,spring-core/src/main/java/org/springframework/util/PlaceholderParser.java,MOVE_OPERATION,spring-core/src/main/java/org/springframework/util/PlaceholderParser.java
spring-framework,e618f922c2e2a874f9cdd660e77e0e373b710e63,spring-core/src/main/java/org/springframework/util/PlaceholderParser.java,MOVE_OPERATION,spring-core/src/main/java/org/springframework/util/PlaceholderParser.java
spring-framework,e618f922c2e2a874f9cdd660e77e0e373b710e63,spring-core/src/main/java/org/springframework/util/PlaceholderParser.java,MOVE_OPERATION,spring-core/src/main/java/org/springframework/util/PlaceholderParser.java
spring-framework,e618f922c2e2a874f9cdd660e77e0e373b710e63,spring-core/src/main/java/org/springframework/util/PlaceholderParser.java,MOVE_OPERATION,spring-core/src/main/java/org/springframework/util/PlaceholderParser.java
spring-framework,e618f922c2e2a874f9cdd660e77e0e373b710e63,spring-core/src/main/java/org/springframework/util/PlaceholderParser.java,MOVE_OPERATION,spring-core/src/main/java/org/springframework/util/PlaceholderParser.java
spring-framework,2b9010c2a2a29fbbe0f84d409885a92477007abd,spring-core/src/main/java/org/springframework/aot/hint/support/FilePatternResourceHintsRegistrar.java,EXTRACT_OPERATION,spring-core/src/main/java/org/springframework/aot/hint/support/FilePatternResourceHintsRegistrar.java
spring-framework,2b9010c2a2a29fbbe0f84d409885a92477007abd,spring-core/src/main/java/org/springframework/aot/hint/support/FilePatternResourceHintsRegistrar.java,EXTRACT_OPERATION,spring-core/src/main/java/org/springframework/aot/hint/support/FilePatternResourceHintsRegistrar.java
spring-framework,3f3341bb1d6bc43ba43da5b8f32fed79c3796222,spring-websocket/src/main/java/org/springframework/web/socket/server/standard/AbstractStandardUpgradeStrategy.java,MOVE_OPERATION,spring-websocket/src/main/java/org/springframework/web/socket/server/standard/StandardWebSocketUpgradeStrategy.java
spring-framework,3f3341bb1d6bc43ba43da5b8f32fed79c3796222,spring-websocket/src/main/java/org/springframework/web/socket/server/standard/AbstractStandardUpgradeStrategy.java,MOVE_OPERATION,spring-websocket/src/main/java/org/springframework/web/socket/server/standard/StandardWebSocketUpgradeStrategy.java
spring-framework,3f3341bb1d6bc43ba43da5b8f32fed79c3796222,spring-websocket/src/main/java/org/springframework/web/socket/server/standard/AbstractStandardUpgradeStrategy.java,MOVE_OPERATION,spring-websocket/src/main/java/org/springframework/web/socket/server/standard/StandardWebSocketUpgradeStrategy.java
spring-framework,3f3341bb1d6bc43ba43da5b8f32fed79c3796222,spring-websocket/src/main/java/org/springframework/web/socket/server/standard/AbstractStandardUpgradeStrategy.java,MOVE_OPERATION,spring-websocket/src/main/java/org/springframework/web/socket/server/standard/StandardWebSocketUpgradeStrategy.java
spring-framework,3f3341bb1d6bc43ba43da5b8f32fed79c3796222,spring-websocket/src/main/java/org/springframework/web/socket/server/standard/AbstractStandardUpgradeStrategy.java,MOVE_OPERATION,spring-websocket/src/main/java/org/springframework/web/socket/server/standard/StandardWebSocketUpgradeStrategy.java
spring-framework,fec2ed5540d075fc9364302fc82c9d7de3745ee6,spring-core/src/main/java/org/springframework/aot/nativex/NativeConfigurationWriter.java,EXTRACT_OPERATION,spring-core/src/main/java/org/springframework/aot/nativex/NativeConfigurationWriter.java
spring-framework,fec2ed5540d075fc9364302fc82c9d7de3745ee6,spring-core/src/main/java/org/springframework/aot/nativex/ReflectionHintsWriter.java,MOVE_OPERATION,spring-core/src/main/java/org/springframework/aot/nativex/ReflectionHintsAttributes.java
spring-framework,fec2ed5540d075fc9364302fc82c9d7de3745ee6,spring-core/src/main/java/org/springframework/aot/nativex/ReflectionHintsWriter.java,MOVE_OPERATION,spring-core/src/main/java/org/springframework/aot/nativex/ReflectionHintsAttributes.java
spring-framework,fec2ed5540d075fc9364302fc82c9d7de3745ee6,spring-core/src/main/java/org/springframework/aot/nativex/ReflectionHintsWriter.java,MOVE_OPERATION,spring-core/src/main/java/org/springframework/aot/nativex/ReflectionHintsAttributes.java
spring-framework,fec2ed5540d075fc9364302fc82c9d7de3745ee6,spring-core/src/main/java/org/springframework/aot/nativex/ReflectionHintsWriter.java,MOVE_OPERATION,spring-core/src/main/java/org/springframework/aot/nativex/ReflectionHintsAttributes.java
spring-framework,fec2ed5540d075fc9364302fc82c9d7de3745ee6,spring-core/src/test/java/org/springframework/aot/nativex/ProxyHintsWriterTests.java,MOVE_OPERATION,spring-core/src/test/java/org/springframework/aot/nativex/RuntimeHintsWriterTests.java
spring-framework,fec2ed5540d075fc9364302fc82c9d7de3745ee6,spring-core/src/test/java/org/springframework/aot/nativex/ResourceHintsWriterTests.java,MOVE_OPERATION,spring-core/src/test/java/org/springframework/aot/nativex/RuntimeHintsWriterTests.java
spring-framework,fec2ed5540d075fc9364302fc82c9d7de3745ee6,spring-core/src/test/java/org/springframework/aot/nativex/SerializationHintsWriterTests.java,MOVE_OPERATION,spring-core/src/test/java/org/springframework/aot/nativex/RuntimeHintsWriterTests.java
spring-framework,fec2ed5540d075fc9364302fc82c9d7de3745ee6,spring-core/src/test/java/org/springframework/aot/nativex/ReflectionHintsWriterTests.java,MOVE_OPERATION,spring-core/src/test/java/org/springframework/aot/nativex/RuntimeHintsWriterTests.java
spring-framework,1aede291bb13a07f8f47e946a778ea216eda9cc8,spring-web/src/main/java/org/springframework/web/method/support/InvocableHandlerMethod.java,EXTRACT_OPERATION,spring-web/src/main/java/org/springframework/web/method/support/InvocableHandlerMethod.java
spring-framework,1aede291bb13a07f8f47e946a778ea216eda9cc8,spring-webflux/src/main/java/org/springframework/web/reactive/result/method/InvocableHandlerMethod.java,EXTRACT_OPERATION,spring-webflux/src/main/java/org/springframework/web/reactive/result/method/InvocableHandlerMethod.java
spring-framework,1aede291bb13a07f8f47e946a778ea216eda9cc8,spring-core/src/main/java/org/springframework/core/CoroutinesUtils.java,MOVE_OPERATION,spring-web/src/main/java/org/springframework/web/method/support/InvocableHandlerMethod.java
spring-framework,81ea35c72690434c06a0d196180e64373663063d,spring-webflux/src/main/java/org/springframework/web/reactive/result/view/FragmentsRendering.java,EXTRACT_OPERATION,spring-webflux/src/main/java/org/springframework/web/reactive/result/view/FragmentsRendering.java
spring-framework,81ea35c72690434c06a0d196180e64373663063d,spring-webflux/src/main/java/org/springframework/web/reactive/result/view/FragmentsRendering.java,EXTRACT_OPERATION,spring-webflux/src/main/java/org/springframework/web/reactive/result/view/FragmentsRendering.java
spring-framework,81ea35c72690434c06a0d196180e64373663063d,spring-webmvc/src/main/java/org/springframework/web/servlet/view/FragmentsRendering.java,EXTRACT_OPERATION,spring-webmvc/src/main/java/org/springframework/web/servlet/view/FragmentsRendering.java
spring-framework,81ea35c72690434c06a0d196180e64373663063d,spring-webmvc/src/main/java/org/springframework/web/servlet/view/FragmentsRendering.java,EXTRACT_OPERATION,spring-webmvc/src/main/java/org/springframework/web/servlet/view/FragmentsRendering.java
spring-framework,81ea35c72690434c06a0d196180e64373663063d,spring-webmvc/src/main/java/org/springframework/web/servlet/view/FragmentsRendering.java,EXTRACT_OPERATION,spring-webmvc/src/main/java/org/springframework/web/servlet/view/FragmentsRendering.java
spring-framework,0a5bd89129182ed03c6e912c8c078744e210e782,spring-webflux/src/main/java/org/springframework/web/reactive/socket/adapter/JettyWebSocketHandlerAdapter.java,EXTRACT_CLASS,spring-webflux/src/main/java/org/springframework/web/reactive/socket/adapter/JettyWebSocketHandlerAdapter.java; spring-webflux/src/main/java/org/springframework/web/reactive/socket/adapter/JettyWebSocketHandlerAdapter.java
spring-framework,0a5bd89129182ed03c6e912c8c078744e210e782,spring-webflux/src/main/java/org/springframework/web/reactive/socket/adapter/JettyWebSocketHandlerAdapter.java,MOVE_OPERATION,spring-webflux/src/main/java/org/springframework/web/reactive/socket/adapter/JettyWebSocketHandlerAdapter.java
spring-framework,0a5bd89129182ed03c6e912c8c078744e210e782,spring-webflux/src/main/java/org/springframework/web/reactive/socket/adapter/JettyWebSocketHandlerAdapter.java,MOVE_OPERATION,spring-webflux/src/main/java/org/springframework/web/reactive/socket/adapter/JettyWebSocketHandlerAdapter.java
spring-framework,357dbc035438e6ca718fd03f9facd6a64b2545c5,spring-context/src/main/java/org/springframework/validation/beanvalidation/BeanValidationBeanRegistrationAotProcessor.java,EXTRACT_OPERATION,spring-context/src/main/java/org/springframework/validation/beanvalidation/BeanValidationBeanRegistrationAotProcessor.java
spring-framework,357dbc035438e6ca718fd03f9facd6a64b2545c5,spring-context/src/main/java/org/springframework/validation/beanvalidation/BeanValidationBeanRegistrationAotProcessor.java,EXTRACT_OPERATION,spring-context/src/main/java/org/springframework/validation/beanvalidation/BeanValidationBeanRegistrationAotProcessor.java
spring-framework,e3ba9574316735a1a31c7c9fcb20f69f8c9607dd,spring-expression/src/test/java/org/springframework/expression/spel/ast/AstUtilsTests.java,MOVE_OPERATION,spring-expression/src/test/java/org/springframework/expression/spel/ast/AccessorUtilsTests.java
spring-framework,e3ba9574316735a1a31c7c9fcb20f69f8c9607dd,spring-expression/src/test/java/org/springframework/expression/spel/ast/AstUtilsTests.java,MOVE_OPERATION,spring-expression/src/test/java/org/springframework/expression/spel/ast/AccessorUtilsTests.java
spring-framework,864cb25eecae6497fa36c737e8ccaaf2f0c8ebee,spring-core/src/main/java/org/springframework/asm/ClassWriter.java,EXTRACT_OPERATION,spring-core/src/main/java/org/springframework/asm/ClassWriter.java
spring-framework,4749d810db0261ce16ae5f32da6d375bb8087430,spring-web/src/main/java/org/springframework/http/client/ReactorClientHttpRequestFactory.java,EXTRACT_OPERATION,spring-web/src/main/java/org/springframework/http/client/ReactorClientHttpRequestFactory.java
spring-framework,86a42db002cf9f2ccb270ba52dd1f32a958ea5d3,spring-web/src/test/java/org/springframework/http/client/InputStreamSubscriberTests.java,EXTRACT_OPERATION,spring-web/src/test/java/org/springframework/http/client/InputStreamSubscriberTests.java
spring-framework,86a42db002cf9f2ccb270ba52dd1f32a958ea5d3,spring-web/src/test/java/org/springframework/http/client/InputStreamSubscriberTests.java,EXTRACT_OPERATION,spring-web/src/test/java/org/springframework/http/client/InputStreamSubscriberTests.java
spring-framework,86a42db002cf9f2ccb270ba52dd1f32a958ea5d3,spring-web/src/test/java/org/springframework/http/client/InputStreamSubscriberTests.java,EXTRACT_OPERATION,spring-web/src/test/java/org/springframework/http/client/InputStreamSubscriberTests.java
spring-framework,86a42db002cf9f2ccb270ba52dd1f32a958ea5d3,spring-web/src/test/java/org/springframework/http/client/InputStreamSubscriberTests.java,EXTRACT_OPERATION,spring-web/src/test/java/org/springframework/http/client/InputStreamSubscriberTests.java
spring-framework,8fa99dcbdd88d2cc4793a62bed3ce558b7ce7741,spring-test/src/main/java/org/springframework/test/context/bean/override/mockito/MockitoResetTestExecutionListener.java,EXTRACT_OPERATION,spring-test/src/main/java/org/springframework/test/context/bean/override/mockito/MockitoResetTestExecutionListener.java
spring-framework,1c69a3c521d3ad87c77ad067389e1217f0acb188,spring-core/src/main/java/org/springframework/core/io/support/PathMatchingResourcePatternResolver.java,EXTRACT_OPERATION,spring-core/src/main/java/org/springframework/core/io/support/PathMatchingResourcePatternResolver.java
spring-framework,9a761579c0a59ad7589076887328dcbe283a5a88,spring-webmvc/src/main/java/org/springframework/web/servlet/function/ServerResponse.java,MOVE_OPERATION,spring-webmvc/src/main/java/org/springframework/web/servlet/function/ServerResponse.java
spring-framework,9a761579c0a59ad7589076887328dcbe283a5a88,spring-webmvc/src/main/java/org/springframework/web/servlet/function/ServerResponse.java,MOVE_OPERATION,spring-webmvc/src/main/java/org/springframework/web/servlet/function/ServerResponse.java
spring-framework,dbbc57867664e6ec071773ead84b49dbc8e131b1,spring-test/src/main/java/org/springframework/test/context/bean/override/mockito/AbstractMockitoTestExecutionListener.java,MOVE_OPERATION,spring-test/src/main/java/org/springframework/test/context/bean/override/mockito/MockitoResetTestExecutionListener.java
spring-framework,dbbc57867664e6ec071773ead84b49dbc8e131b1,spring-test/src/main/java/org/springframework/test/context/bean/override/mockito/AbstractMockitoTestExecutionListener.java,MOVE_OPERATION,spring-test/src/main/java/org/springframework/test/context/bean/override/mockito/MockitoResetTestExecutionListener.java
spring-framework,7d3a3d35cea4e184642e933679cbd35814c7d17d,spring-webflux/src/main/java/org/springframework/web/reactive/resource/ResourceHandlerUtils.java,EXTRACT_OPERATION,spring-webflux/src/main/java/org/springframework/web/reactive/resource/ResourceHandlerUtils.java
spring-framework,7d3a3d35cea4e184642e933679cbd35814c7d17d,spring-webmvc/src/main/java/org/springframework/web/servlet/resource/ResourceHandlerUtils.java,EXTRACT_OPERATION,spring-webmvc/src/main/java/org/springframework/web/servlet/resource/ResourceHandlerUtils.java
spring-framework,fb7890d73975a3d9e0763e0926df2bd0a608e87e,spring-webflux/src/main/java/org/springframework/web/reactive/function/server/PathResourceLookupFunction.java,EXTRACT_OPERATION,spring-webflux/src/main/java/org/springframework/web/reactive/function/server/PathResourceLookupFunction.java
spring-framework,fb7890d73975a3d9e0763e0926df2bd0a608e87e,spring-webflux/src/main/java/org/springframework/web/reactive/resource/ResourceWebHandler.java,EXTRACT_OPERATION,spring-webflux/src/main/java/org/springframework/web/reactive/resource/ResourceWebHandler.java
spring-framework,fb7890d73975a3d9e0763e0926df2bd0a608e87e,spring-webmvc/src/main/java/org/springframework/web/servlet/function/PathResourceLookupFunction.java,EXTRACT_OPERATION,spring-webmvc/src/main/java/org/springframework/web/servlet/function/PathResourceLookupFunction.java
spring-framework,fb7890d73975a3d9e0763e0926df2bd0a608e87e,spring-webmvc/src/main/java/org/springframework/web/servlet/resource/ResourceHttpRequestHandler.java,EXTRACT_OPERATION,spring-webmvc/src/main/java/org/springframework/web/servlet/resource/ResourceHttpRequestHandler.java
spring-framework,8d652e9c1265fc2cbfe26e99c4251c3748d3ff72,spring-test/src/main/java/org/springframework/test/context/bean/override/BeanOverrideBeanFactoryPostProcessor.java,EXTRACT_OPERATION,spring-test/src/main/java/org/springframework/test/context/bean/override/BeanOverrideBeanFactoryPostProcessor.java
